id,text,label,sentiment,domain,split
1,価格は少し高めだが、地図アプリの機能の分かりやすさを考えると十分満足できる。,1,高評価,アプリ,train
2,学習アプリを使ってみたところ、操作性が便利で満足度は高い。 高評価を付けたい。,1,高評価,アプリ,train
3,実際に使ってみると、価格は安いが、空港ホテルの浴場を考えると満足できない。,0,低評価,ホテル,train
4,何度か利用してみた。期待していなかったが、ドキュメンタリー映画はキャラクターが予想以上で驚いた。 また使いたいと思う。,1,高評価,映画,train
5,友人の勧めで試してみた。評判ほど良くなかった。バッグはサイズ感に問題があり、人には勧めにくい。,0,低評価,EC商品,train
6,しばらく利用した結果、期待していなかったが、ラーメン店は価格が予想以上で驚いた。,1,高評価,飲食店,train
7,一週間ほど試した。マウスは期待以上だった。デザインが特に良く、また利用したい。,1,高評価,EC商品,train
8,一週間ほど試した。アクション映画は値段に見合わない。特にラストがひどかった。 総合的には不満が残る。,0,低評価,映画,train
9,良い点もあるものの、恋愛映画は総合的に世界観が悪く低評価にしたい。,0,低評価,映画,test
10,友人の勧めで試してみた。冒険映画は期待外れだった。映像に不満があり、もう利用したくない。,0,低評価,映画,validation
11,一週間ほど試した。地図アプリは検索機能が不安定でストレスを感じた。不満がある。 次は選ばないと思う。,0,低評価,アプリ,train
12,提供の早さに満足した。うどん店を選んで正解だったと思う。 また使いたいと思う。,1,高評価,飲食店,train
13,しばらく利用した結果、最初は良さそうに感じたが、寿司店は使ってみると食材の新鮮さが悪くてがっかりした。,0,低評価,飲食店,test
14,評判どおりだった。キーボードは品質が良く、人にも勧めたい。,1,高評価,EC商品,test
15,レビューを見て選んだ。価格は少し高めだが、イヤホンのデザインを考えると十分満足できる。,1,高評価,EC商品,train
16,大きな不満はなく、冒険映画はテンポのおかげで快適に利用できた。,1,高評価,映画,train
17,ミステリー映画は悪くないどころか、世界観がかなり良かった。,1,高評価,映画,train
18,期待していたのに、民宿はベッドの快適さが予想以下でがっかりした。 低評価にしたい。,0,低評価,ホテル,train
19,良い点もあるものの、ドキュメンタリー映画は総合的にラストが悪く低評価にしたい。,0,低評価,映画,test
20,友人の勧めで試してみた。大きな不満はなく、コメディ映画は演出のおかげで快適に利用できた。,1,高評価,映画,train
21,うどん店は全体的に使いにくく、雰囲気も残念だった。 低評価にしたい。,0,低評価,飲食店,train
22,一週間ほど試した。定食屋は値段以上の価値を感じた。特に料理の味が素晴らしい。,1,高評価,飲食店,train
23,不満が多く、コメディ映画は映像のせいで快適に利用できなかった。,0,低評価,映画,train
24,期待していなかったが、椅子は音質が予想以上で驚いた。,1,高評価,EC商品,train
25,館内設備が想像より悪かった。次回は宿泊施設を選ばないと思う。 低評価にしたい。,0,低評価,ホテル,test
26,家計簿アプリは期待以上だった。画面の見やすさが特に良く、また利用したい。,1,高評価,アプリ,train
27,SF映画は値段に見合わない。特にテンポがひどかった。 総合的には不満が残る。,0,低評価,映画,train
28,最初は良さそうに感じたが、焼肉店は使ってみると価格が悪くて残念に感じた。,0,低評価,飲食店,validation
29,今回初めて利用した。良いところも少しあったが、メモアプリは使い勝手が悪かったので不満が残った。,0,低評価,アプリ,train
30,何度か利用してみた。カレー店は提供の早さが不安定でストレスを感じた。不満がある。,0,低評価,飲食店,train
31,良いところも少しあったが、カレー店は食材の新鮮さが悪かったので不満が残った。,0,低評価,飲食店,train
32,店内の清潔さが良くなかった。定食屋を選んだのは失敗だったと思う。,0,低評価,飲食店,validation
33,友人の勧めで試してみた。価格は安いが、マウスのサイズ感を考えると納得できない。,0,低評価,EC商品,train
34,不満が多く、宿泊施設はスタッフの対応のせいで快適に利用できなかった。,0,低評価,ホテル,test
35,軽さに満足した。イヤホンを選んで正解だったと思う。,1,高評価,EC商品,train
36,何度か利用してみた。評判どおりだった。SF映画は迫力が良く、人にも勧めたい。 高評価を付けたい。,1,高評価,映画,train
37,友人の勧めで試してみた。良い点もあるものの、マウスは総合的に音質が悪く低評価にしたい。 次は選ばないと思う。,0,低評価,EC商品,train
38,今回初めて利用した。評判どおりだった。イヤホンは動作の安定性が良く、人にも勧めたい。,1,高評価,EC商品,train
39,品質が想像より悪かった。次回はバッグを選ばないと思う。 総合的には不満が残る。,0,低評価,EC商品,train
40,アクション映画は全体的に使いにくく、キャラクターも残念だった。,0,低評価,映画,train
41,今回初めて利用した。観光ホテルは全体的に使いやすく、スタッフの対応も申し分ない。,1,高評価,ホテル,validation
42,良い点もあるものの、バッグは総合的に品質が悪く低評価にしたい。,0,低評価,EC商品,train
43,最初は良さそうに感じたが、マウスは使ってみると音質が悪くてがっかりした。,0,低評価,EC商品,train
44,良いところも少しあったが、焼肉店は価格が不満だったので不満が残った。,0,低評価,飲食店,train
45,友人の勧めで試してみた。評判ほど良くなかった。椅子はデザインに問題があり、人には勧めにくい。,0,低評価,EC商品,train
46,実際に使ってみると、民宿は値段に見合わない。特にチェックインのスムーズさがひどかった。 次は選ばないと思う。,0,低評価,ホテル,train
47,カフェは悪くないどころか、料理の味がかなり良かった。,1,高評価,飲食店,train
48,パン屋は期待以上だった。食材の新鮮さが特に良く、また利用したい。,1,高評価,飲食店,train
49,水筒を使ってみたところ、操作感が不便で満足できなかった。,0,低評価,EC商品,train
50,良い点もあるものの、イヤホンは総合的にコストパフォーマンスが悪く低評価にしたい。,0,低評価,EC商品,train
51,今回初めて利用した。最初は良さそうに感じたが、充電器は使ってみると耐久性が悪くてがっかりした。,0,低評価,EC商品,validation
52,しばらく利用した結果、評判どおりだった。スピーカーは耐久性が良く、人にも勧めたい。,1,高評価,EC商品,train
53,少し気になる点はあったが、うどん店は価格が良かったので満足している。,1,高評価,飲食店,train
54,少し気になる点はあったが、キーボードはサイズ感が好印象だったので満足している。,1,高評価,EC商品,train
55,実際に使ってみると、細かい欠点はあるものの、音楽アプリは総合的に通知機能が良く高評価にしたい。,1,高評価,アプリ,train
56,しばらく利用した結果、サイズ感が良くなかった。掃除機を選んだのは失敗だったと思う。,0,低評価,EC商品,validation
57,細かい欠点はあるものの、駅前ホテルは総合的に部屋の清潔さが良く高評価にしたい。 高評価を付けたい。,1,高評価,ホテル,train
58,ミステリー映画は悪くないと思っていたが、音楽がかなり残念だった。 次は選ばないと思う。,0,低評価,映画,train
59,チャットアプリは悪くないどころか、デザインがかなり良かった。,1,高評価,アプリ,train
60,評判どおりだった。地図アプリは操作性が良く、人にも勧めたい。,1,高評価,アプリ,train
61,寿司店は期待以上だった。提供の早さが特に良く、また利用したい。 総合的には満足している。,1,高評価,飲食店,train
62,最初は良さそうに感じたが、ドキュメンタリー映画は使ってみると演技が悪くてがっかりした。,0,低評価,映画,train
63,イタリアンは値段に見合わない。特に接客がひどかった。,0,低評価,飲食店,validation
64,食材の新鮮さに満足した。カレー店を選んで正解だったと思う。,1,高評価,飲食店,train
65,実際に使ってみると、期待していなかったが、民宿はベッドの快適さが予想以上で驚いた。 また使いたいと思う。,1,高評価,ホテル,train
66,一週間ほど試した。温泉旅館は値段に見合わない。特に静かさがひどかった。 低評価にしたい。,0,低評価,ホテル,train
67,期待していなかったが、地図アプリはデザインが予想以上で驚いた。,1,高評価,アプリ,train
68,空港ホテルは全体的に使いにくく、スタッフの対応も残念だった。,0,低評価,ホテル,train
69,音質が想像より残念だった。次回はマウスを選ばないと思う。,0,低評価,EC商品,train
70,水筒は悪くないと思っていたが、コストパフォーマンスがかなり残念だった。 総合的には不満が残る。,0,低評価,EC商品,train
71,立地が想像より満足できた。次回もビジネスホテルを選びたい。 また使いたいと思う。,1,高評価,ホテル,train
72,恋愛映画は悪くないどころか、音楽がかなり良かった。,1,高評価,映画,train
73,友人の勧めで試してみた。音楽が想像より良かった。次回も冒険映画を選びたい。,1,高評価,映画,train
74,メモアプリは悪くないと思っていたが、機能の分かりやすさがかなり残念だった。,0,低評価,アプリ,test
75,期待していたのに、掃除機は操作感が予想以下でがっかりした。 次は選ばないと思う。,0,低評価,EC商品,test
76,細かい欠点はあるものの、うどん店は総合的にスタッフの対応が良く高評価にしたい。,1,高評価,飲食店,train
77,しばらく利用した結果、アクション映画は値段以上の価値を感じた。特に世界観が期待以上だった。,1,高評価,映画,train
78,音楽アプリは値段以上の価値を感じた。特に使い勝手が素晴らしい。,1,高評価,アプリ,train
79,今回初めて利用した。水筒は悪くないどころか、耐久性がかなり良かった。,1,高評価,EC商品,train
80,今回初めて利用した。民宿は期待以上だった。スタッフの対応が特に良く、また利用したい。,1,高評価,ホテル,train
81,友人の勧めで試してみた。価格は少し高めだが、動画アプリの使い勝手を考えると十分満足できる。 また使いたいと思う。,1,高評価,アプリ,train
82,雰囲気が良くなかった。ラーメン店を選んだのは失敗だったと思う。,0,低評価,飲食店,train
83,レビューを見て選んだ。パン屋は全体的に使いやすく、店内の清潔さも申し分ない。 総合的には満足している。,1,高評価,飲食店,test
84,デザインが想像より良かった。次回もニュースアプリを選びたい。,1,高評価,アプリ,test
85,スピーカーは全体的に使いやすく、サイズ感も申し分ない。,1,高評価,EC商品,test
86,何度か利用してみた。良いところも少しあったが、イヤホンは軽さが悪かったので不満が残った。,0,低評価,EC商品,validation
87,動作の安定性に満足した。マウスを選んで正解だったと思う。 高評価を付けたい。,1,高評価,EC商品,train
88,期待していたのに、地図アプリはレスポンスが予想以下でがっかりした。 低評価にしたい。,0,低評価,アプリ,train
89,しばらく利用した結果、リゾートホテルはチェックインのスムーズさが安定していてストレスなく使えた。気に入っている。 また使いたいと思う。,1,高評価,ホテル,test
90,バッグは品質が不安定でストレスを感じた。不満がある。,0,低評価,EC商品,test
91,友人の勧めで試してみた。良い点もあるものの、カプセルホテルは総合的にチェックインのスムーズさが悪く低評価にしたい。,0,低評価,ホテル,train
92,画面の見やすさが想像より良かった。次回も予約アプリを選びたい。,1,高評価,アプリ,train
93,良いところも少しあったが、アクション映画は世界観が悪かったので不満が残った。,0,低評価,映画,test
94,期待していなかったが、家計簿アプリは操作性が予想以上で驚いた。,1,高評価,アプリ,train
95,しばらく利用した結果、期待していなかったが、観光ホテルは立地が予想以上で驚いた。,1,高評価,ホテル,train
96,価格が想像より好印象だった。次回も寿司店を選びたい。,1,高評価,飲食店,test
97,スピーカーは全体的に使いやすく、使いやすさも申し分ない。,1,高評価,EC商品,test
98,メニューの豊富さが良くなかった。カフェを選んだのは失敗だったと思う。,0,低評価,飲食店,train
99,友人の勧めで試してみた。動画アプリは期待以上だった。使い勝手が特に良く、また利用したい。 高評価を付けたい。,1,高評価,アプリ,train
100,評判ほど良くなかった。地図アプリは通知機能に問題があり、人には勧めにくい。,0,低評価,アプリ,train
101,部屋の清潔さに満足した。駅前ホテルを選んで正解だったと思う。,1,高評価,ホテル,train
102,実際に使ってみると、冒険映画は全体的に使いやすく、ラストも申し分ない。,1,高評価,映画,train
103,メモアプリは通知機能が不安定でストレスを感じた。不満がある。,0,低評価,アプリ,train
104,友人の勧めで試してみた。良いところも少しあったが、焼肉店は価格が悪かったので不満が残った。 低評価にしたい。,0,低評価,飲食店,train
105,最初は不安だったが、イタリアンは実際に試すと価格が良くて気に入った。,1,高評価,飲食店,train
106,期待していたのに、宿泊施設は眺めが予想以下で期待を下回った。,0,低評価,ホテル,test
107,最初は良さそうに感じたが、チャットアプリは使ってみると操作性が悪くて残念に感じた。,0,低評価,アプリ,train
108,細かい欠点はあるものの、ミステリー映画は総合的にストーリーが良く高評価にしたい。,1,高評価,映画,train
109,イタリアンは値段以上の価値を感じた。特に食材の新鮮さが素晴らしい。,1,高評価,飲食店,train
110,一週間ほど試した。予約アプリは機能の分かりやすさが安定していてストレスなく使えた。納得している。,1,高評価,アプリ,train
111,一週間ほど試した。イタリアンを使ってみたところ、店内の清潔さが不便で満足できなかった。,0,低評価,飲食店,validation
112,ベッドの快適さが良くなかった。リゾートホテルを選んだのは失敗だったと思う。,0,低評価,ホテル,train
113,価格は少し高めだが、寿司店のスタッフの対応を考えると十分満足できる。,1,高評価,飲食店,validation
114,映像が想像より悪かった。次回はドラマ映画を選ばないと思う。,0,低評価,映画,train
115,チェックインのスムーズさが良くなかった。民宿を選んだのは失敗だったと思う。 総合的には不満が残る。,0,低評価,ホテル,train
116,ラストが想像より良かった。次回もドラマ映画を選びたい。,1,高評価,映画,train
117,何度か利用してみた。静かさに満足した。シティホテルを選んで正解だったと思う。,1,高評価,ホテル,train
118,しばらく利用した結果、不満が多く、観光ホテルは館内設備のせいで快適に利用できなかった。,0,低評価,ホテル,train
119,何度か利用してみた。良いところも少しあったが、チャットアプリは検索機能が悪かったので不満が残った。,0,低評価,アプリ,train
120,実際に使ってみると、カレー店は悪くないどころか、雰囲気がかなり良かった。,1,高評価,飲食店,train
121,友人の勧めで試してみた。居酒屋は全体的に使いにくく、接客も残念だった。,0,低評価,飲食店,train
122,価格は安いが、ニュースアプリの機能の分かりやすさを考えると満足できない。,0,低評価,アプリ,train
123,実際に使ってみると、スタッフの対応に満足した。ラーメン店を選んで正解だったと思う。,1,高評価,飲食店,train
124,何度か利用してみた。良いところも少しあったが、予約アプリは画面の見やすさが残念だったので不満が残った。,0,低評価,アプリ,test
125,レビューを見て選んだ。最初は良さそうに感じたが、コメディ映画は使ってみると映像が悪くてがっかりした。,0,低評価,映画,validation
126,定食屋は期待以上だった。提供の早さが特に良く、また利用したい。 高評価を付けたい。,1,高評価,飲食店,train
127,大きな不満はなく、ラーメン店は料理の味のおかげで快適に利用できた。,1,高評価,飲食店,train
128,レビューを見て選んだ。期待していたのに、動画アプリは通知機能が予想以下でがっかりした。,0,低評価,アプリ,train
129,イタリアンは全体的に使いやすく、提供の早さも申し分ない。 高評価を付けたい。,1,高評価,飲食店,train
130,レビューを見て選んだ。ストーリーが良くなかった。コメディ映画を選んだのは失敗だったと思う。 総合的には不満が残る。,0,低評価,映画,train
131,今回初めて利用した。通知機能が想像より悪かった。次回は写真アプリを選ばないと思う。,0,低評価,アプリ,train
132,何度か利用してみた。期待していたのに、うどん店は食材の新鮮さが予想以下でがっかりした。,0,低評価,飲食店,test
133,友人の勧めで試してみた。評判ほど良くなかった。モニターは使いやすさに問題があり、人には勧めにくい。,0,低評価,EC商品,train
134,レビューを見て選んだ。ラストが良くなかった。ミステリー映画を選んだのは失敗だったと思う。 次は選ばないと思う。,0,低評価,映画,train
135,評判ほど良くなかった。学習アプリはデザインに問題があり、人には勧めにくい。,0,低評価,アプリ,train
136,期待していなかったが、駅前ホテルはベッドの快適さが予想以上で驚いた。,1,高評価,ホテル,train
137,何度か利用してみた。家計簿アプリは検索機能が安定していてストレスなく使えた。満足している。,1,高評価,アプリ,train
138,良いところも少しあったが、音楽アプリは動作速度が残念だったので不満が残った。,0,低評価,アプリ,validation
139,しばらく利用した結果、チェックインのスムーズさが良くなかった。温泉旅館を選んだのは失敗だったと思う。,0,低評価,ホテル,train
140,しばらく利用した結果、少し気になる点はあったが、冒険映画は音楽が満足できたので満足している。,1,高評価,映画,train
141,不満が多く、ドラマ映画はテンポのせいで快適に利用できなかった。,0,低評価,映画,train
142,宿泊施設は眺めが不安定でストレスを感じた。不満がある。,0,低評価,ホテル,train
143,何度か利用してみた。椅子を使ってみたところ、操作感が便利で満足度は高い。,1,高評価,EC商品,train
144,価格は少し高めだが、カフェの食材の新鮮さを考えると十分満足できる。,1,高評価,飲食店,train
145,期待していなかったが、カレー店はメニューの豊富さが予想以上で驚いた。,1,高評価,飲食店,train
146,しばらく利用した結果、コストパフォーマンスが想像より悪かった。次回はキーボードを選ばないと思う。,0,低評価,EC商品,train
147,良いところも少しあったが、リゾートホテルは館内設備が不満だったので不満が残った。,0,低評価,ホテル,train
148,実際に使ってみると、ボリュームが良くなかった。パン屋を選んだのは失敗だったと思う。,0,低評価,飲食店,validation
149,しばらく利用した結果、期待していたのに、ラーメン店はメニューの豊富さが予想以下で期待を下回った。,0,低評価,飲食店,train
150,何度か利用してみた。キャラクターに満足した。冒険映画を選んで正解だったと思う。,1,高評価,映画,train
151,レビューを見て選んだ。音質が想像より残念だった。次回はバッグを選ばないと思う。,0,低評価,EC商品,test
152,レビューを見て選んだ。最初は不安だったが、動画アプリは実際に試すと画面の見やすさが良くて気に入った。,1,高評価,アプリ,train
153,温泉旅館は立地が安定していてストレスなく使えた。満足している。,1,高評価,ホテル,train
154,最初は不安だったが、ドキュメンタリー映画は実際に試すと世界観が良くて気に入った。,1,高評価,映画,train
155,不満が多く、民宿は眺めのせいで快適に利用できなかった。,0,低評価,ホテル,train
156,ビジネスホテルは全体的に使いにくく、浴場も残念だった。,0,低評価,ホテル,train
157,実際に使ってみると、評判ほど良くなかった。写真アプリは使い勝手に問題があり、人には勧めにくい。,0,低評価,アプリ,validation
158,良いところも少しあったが、カフェは食材の新鮮さが悪かったので不満が残った。 低評価にしたい。,0,低評価,飲食店,train
159,寿司店は期待以上だった。料理の味が特に良く、また利用したい。,1,高評価,飲食店,validation
160,一週間ほど試した。少し気になる点はあったが、掃除機は品質が好印象だったので気に入っている。 高評価を付けたい。,1,高評価,EC商品,train
161,冒険映画は悪くないどころか、ストーリーがかなり良かった。,1,高評価,映画,train
162,居酒屋は値段に見合わない。特に接客がひどかった。 総合的には不満が残る。,0,低評価,飲食店,train
163,SF映画を使ってみたところ、テンポが便利で満足度は高い。,1,高評価,映画,train
164,期待していなかったが、居酒屋は料理の味が予想以上で驚いた。,1,高評価,飲食店,train
165,最初は不安だったが、焼肉店は実際に試すと食材の新鮮さが良くて気に入った。,1,高評価,飲食店,train
166,評判ほど良くなかった。空港ホテルは館内設備に問題があり、人には勧めにくい。,0,低評価,ホテル,validation
167,実際に使ってみると、ラーメン店は全体的に使いやすく、スタッフの対応も申し分ない。 また使いたいと思う。,1,高評価,飲食店,train
168,ラストが想像より良かった。次回もアニメ映画を選びたい。 高評価を付けたい。,1,高評価,映画,train
169,民宿は全体的に使いにくく、チェックインのスムーズさも残念だった。 総合的には不満が残る。,0,低評価,ホテル,train
170,レビューを見て選んだ。期待していたのに、焼肉店は接客が予想以下でがっかりした。 総合的には不満が残る。,0,低評価,飲食店,test
171,今回初めて利用した。寿司店を使ってみたところ、スタッフの対応が便利で満足度は高い。,1,高評価,飲食店,train
172,一週間ほど試した。バッグを使ってみたところ、動作の安定性が便利で満足度は高い。,1,高評価,EC商品,validation
173,何度か利用してみた。アニメ映画は期待外れだった。世界観に不満があり、もう利用したくない。,0,低評価,映画,train
174,しばらく利用した結果、ドキュメンタリー映画は期待外れだった。テンポに不満があり、もう利用したくない。,0,低評価,映画,train
175,キーボードはコストパフォーマンスが不安定でストレスを感じた。不満がある。,0,低評価,EC商品,validation
176,チェックインのスムーズさに満足した。カプセルホテルを選んで正解だったと思う。,1,高評価,ホテル,train
177,ラストが良くなかった。ドラマ映画を選んだのは失敗だったと思う。,0,低評価,映画,train
178,一週間ほど試した。良い点もあるものの、焼肉店は総合的に接客が悪く低評価にしたい。,0,低評価,飲食店,train
179,アニメ映画は悪くないどころか、迫力がかなり良かった。 また使いたいと思う。,1,高評価,映画,validation
180,不満が多く、地図アプリは使い勝手のせいで快適に利用できなかった。,0,低評価,アプリ,train
181,一週間ほど試した。テンポが想像より残念だった。次回は恋愛映画を選ばないと思う。,0,低評価,映画,train
182,居酒屋は値段以上の価値を感じた。特に接客が素晴らしい。,1,高評価,飲食店,train
183,不満が多く、焼肉店は接客のせいで快適に利用できなかった。,0,低評価,飲食店,train
184,モニターは値段に見合わない。特に品質がひどかった。 低評価にしたい。,0,低評価,EC商品,train
185,コストパフォーマンスが想像より悪かった。次回は充電器を選ばないと思う。,0,低評価,EC商品,train
186,友人の勧めで試してみた。良い点もあるものの、寿司店は総合的に店内の清潔さが悪く低評価にしたい。,0,低評価,飲食店,train
187,最初は良さそうに感じたが、SF映画は使ってみると映像が悪くてがっかりした。,0,低評価,映画,validation
188,キャラクターが想像より悪かった。次回は冒険映画を選ばないと思う。,0,低評価,映画,train
189,シティホテルは期待外れだった。館内設備に不満があり、もう利用したくない。,0,低評価,ホテル,train
190,細かい欠点はあるものの、温泉旅館は総合的に立地が良く高評価にしたい。,1,高評価,ホテル,train
191,一週間ほど試した。期待していなかったが、アクション映画は世界観が予想以上で驚いた。,1,高評価,映画,train
192,最初は良さそうに感じたが、カフェは使ってみるとメニューの豊富さが悪くてがっかりした。 総合的には不満が残る。,0,低評価,飲食店,train
193,最初は不安だったが、ホラー映画は実際に試すと映像が良くて気に入った。,1,高評価,映画,train
194,品質が想像より良かった。次回もキーボードを選びたい。 高評価を付けたい。,1,高評価,EC商品,train
195,演技に満足した。ドキュメンタリー映画を選んで正解だったと思う。 高評価を付けたい。,1,高評価,映画,test
196,メモアプリは悪くないと思っていたが、レスポンスがかなり残念だった。,0,低評価,アプリ,train
197,リゾートホテルは期待外れだった。朝食に不満があり、もう利用したくない。 次は選ばないと思う。,0,低評価,ホテル,train
198,ボリュームが想像より悪かった。次回は寿司店を選ばないと思う。,0,低評価,飲食店,train
199,マウスを使ってみたところ、操作感が便利で満足度は高い。,1,高評価,EC商品,validation
200,レビューを見て選んだ。世界観が想像より悪かった。次回は冒険映画を選ばないと思う。 次は選ばないと思う。,0,低評価,映画,train
201,何度か利用してみた。SF映画は期待以上だった。迫力が特に良く、また利用したい。,1,高評価,映画,train
202,良い点もあるものの、焼肉店は総合的にメニューの豊富さが悪く低評価にしたい。 総合的には不満が残る。,0,低評価,飲食店,train
203,操作感が想像より悪かった。次回はキーボードを選ばないと思う。,0,低評価,EC商品,train
204,期待していたのに、ビジネスホテルは眺めが予想以下でがっかりした。,0,低評価,ホテル,train
205,不満が多く、ニュースアプリは安定性のせいで快適に利用できなかった。 次は選ばないと思う。,0,低評価,アプリ,train
206,今回初めて利用した。観光ホテルはスタッフの対応が不安定でストレスを感じた。不満がある。,0,低評価,ホテル,train
207,評判どおりだった。充電器は音質が良く、人にも勧めたい。 高評価を付けたい。,1,高評価,EC商品,train
208,価格は安いが、観光ホテルの眺めを考えると満足できない。,0,低評価,ホテル,test
209,リゾートホテルを使ってみたところ、ベッドの快適さが不便で満足できなかった。,0,低評価,ホテル,train
210,ニュースアプリは操作性が安定していてストレスなく使えた。満足している。,1,高評価,アプリ,validation
211,価格は安いが、写真アプリの安定性を考えると満足できない。,0,低評価,アプリ,train
212,友人の勧めで試してみた。コメディ映画は悪くないどころか、演技がかなり良かった。,1,高評価,映画,test
213,今回初めて利用した。細かい欠点はあるものの、うどん店は総合的に料理の味が良く高評価にしたい。 総合的には満足している。,1,高評価,飲食店,train
214,不満が多く、家計簿アプリは画面の見やすさのせいで快適に利用できなかった。,0,低評価,アプリ,test
215,最初は良さそうに感じたが、掃除機は使ってみると操作感が悪くて期待を下回った。 総合的には不満が残る。,0,低評価,EC商品,train
216,眺めが想像より悪かった。次回はカプセルホテルを選ばないと思う。,0,低評価,ホテル,validation
217,友人の勧めで試してみた。SF映画を使ってみたところ、世界観が便利で満足度は高い。,1,高評価,映画,train
218,実際に使ってみると、大きな不満はなく、キーボードはコストパフォーマンスのおかげで快適に利用できた。 また使いたいと思う。,1,高評価,EC商品,test
219,ホラー映画は値段に見合わない。特にキャラクターがひどかった。,0,低評価,映画,train
220,しばらく利用した結果、ビジネスホテルは期待外れだった。浴場に不満があり、もう利用したくない。,0,低評価,ホテル,train
221,宿泊施設は値段に見合わない。特に朝食がひどかった。,0,低評価,ホテル,train
222,イタリアンは接客が不安定でストレスを感じた。不満がある。,0,低評価,飲食店,train
223,価格は少し高めだが、冒険映画の演技を考えると十分満足できる。,1,高評価,映画,train
224,最初は不安だったが、カプセルホテルは実際に試すと静かさが良くて気に入った。,1,高評価,ホテル,test
225,友人の勧めで試してみた。ドキュメンタリー映画は全体的に使いにくく、ストーリーも残念だった。,0,低評価,映画,train
226,温泉旅館は値段に見合わない。特に部屋の清潔さがひどかった。,0,低評価,ホテル,train
227,実際に使ってみると、細かい欠点はあるものの、ドラマ映画は総合的に演出が良く高評価にしたい。,1,高評価,映画,train
228,家計簿アプリは値段に見合わない。特に安定性がひどかった。 低評価にしたい。,0,低評価,アプリ,train
229,細かい欠点はあるものの、イタリアンは総合的に提供の早さが良く高評価にしたい。,1,高評価,飲食店,train
230,地図アプリは値段以上の価値を感じた。特に機能の分かりやすさが期待以上だった。 また使いたいと思う。,1,高評価,アプリ,test
231,今回初めて利用した。動作の安定性が良くなかった。水筒を選んだのは失敗だったと思う。 低評価にしたい。,0,低評価,EC商品,test
232,一週間ほど試した。期待していなかったが、ドラマ映画は映像が予想以上で驚いた。,1,高評価,映画,train
233,実際に使ってみると、期待していなかったが、ホラー映画はストーリーが予想以上で驚いた。,1,高評価,映画,test
234,実際に使ってみると、少し気になる点はあったが、椅子は軽さが好印象だったので満足している。,1,高評価,EC商品,train
235,良い点もあるものの、民宿は総合的に浴場が悪く低評価にしたい。,0,低評価,ホテル,train
236,安定性に満足した。地図アプリを選んで正解だったと思う。,1,高評価,アプリ,validation
237,友人の勧めで試してみた。観光ホテルは悪くないと思っていたが、部屋の清潔さがかなり残念だった。,0,低評価,ホテル,train
238,何度か利用してみた。地図アプリは悪くないどころか、操作性がかなり良かった。,1,高評価,アプリ,validation
239,実際に使ってみると、大きな不満はなく、キーボードは音質のおかげで快適に利用できた。 総合的には満足している。,1,高評価,EC商品,train
240,一週間ほど試した。ニュースアプリは全体的に使いやすく、通知機能も申し分ない。,1,高評価,アプリ,test
241,掃除機は値段以上の価値を感じた。特に使いやすさが素晴らしい。,1,高評価,EC商品,train
242,今回初めて利用した。ドキュメンタリー映画は全体的に使いやすく、演技も申し分ない。,1,高評価,映画,train
243,ドラマ映画はラストが安定していてストレスなく使えた。満足している。,1,高評価,映画,train
244,家計簿アプリは全体的に使いにくく、レスポンスも残念だった。 次は選ばないと思う。,0,低評価,アプリ,train
245,友人の勧めで試してみた。アクション映画は値段に見合わない。特に演出がひどかった。,0,低評価,映画,train
246,実際に使ってみると、メモアプリは期待以上だった。安定性が特に良く、また利用したい。 総合的には満足している。,1,高評価,アプリ,train
247,寿司店を使ってみたところ、価格が便利で満足度は高い。 高評価を付けたい。,1,高評価,飲食店,train
248,期待していたのに、パン屋はメニューの豊富さが予想以下でがっかりした。 次は選ばないと思う。,0,低評価,飲食店,train
249,何度か利用してみた。家計簿アプリは悪くないどころか、レスポンスがかなり好印象だった。,1,高評価,アプリ,train
250,実際に使ってみると、立地に満足した。駅前ホテルを選んで正解だったと思う。,1,高評価,ホテル,train
251,大きな不満はなく、アニメ映画は演技のおかげで快適に利用できた。,1,高評価,映画,validation
252,アクション映画は演出が不安定でストレスを感じた。不満がある。 次は選ばないと思う。,0,低評価,映画,validation
253,今回初めて利用した。不満が多く、動画アプリは検索機能のせいで快適に利用できなかった。,0,低評価,アプリ,train
254,実際に使ってみると、デザインが想像より良かった。次回もイヤホンを選びたい。,1,高評価,EC商品,train
255,しばらく利用した結果、価格は少し高めだが、空港ホテルの浴場を考えると十分満足できる。,1,高評価,ホテル,train
256,演出が想像より不満だった。次回はドラマ映画を選ばないと思う。,0,低評価,映画,train
257,何度か利用してみた。期待していなかったが、寿司店はボリュームが予想以上で驚いた。,1,高評価,飲食店,train
258,価格は少し高めだが、スピーカーのサイズ感を考えると十分満足できる。,1,高評価,EC商品,train
259,大きな不満はなく、学習アプリは機能の分かりやすさのおかげで快適に利用できた。,1,高評価,アプリ,train
260,一週間ほど試した。不満が多く、チャットアプリは機能の分かりやすさのせいで快適に利用できなかった。,0,低評価,アプリ,train
261,良いところも少しあったが、水筒は使いやすさが悪かったので不満が残った。 総合的には不満が残る。,0,低評価,EC商品,train
262,何度か利用してみた。ラーメン店はボリュームが不安定でストレスを感じた。不満がある。,0,低評価,飲食店,validation
263,バッグは悪くないどころか、耐久性がかなり良かった。 また使いたいと思う。,1,高評価,EC商品,train
264,今回初めて利用した。不満が多く、写真アプリは動作速度のせいで快適に利用できなかった。,0,低評価,アプリ,validation
265,接客が想像より良かった。次回もカフェを選びたい。,1,高評価,飲食店,train
266,軽さが想像より好印象だった。次回も椅子を選びたい。,1,高評価,EC商品,train
267,友人の勧めで試してみた。最初は不安だったが、居酒屋は実際に試すとメニューの豊富さが良くて気に入った。,1,高評価,飲食店,train
268,シティホテルは悪くないと思っていたが、眺めがかなり残念だった。,0,低評価,ホテル,train
269,一週間ほど試した。良いところも少しあったが、民宿は部屋の清潔さが残念だったので不満が残った。 次は選ばないと思う。,0,低評価,ホテル,test
270,キーボードは悪くないどころか、軽さがかなり良かった。,1,高評価,EC商品,validation
271,レビューを見て選んだ。静かさが想像より好印象だった。次回も温泉旅館を選びたい。,1,高評価,ホテル,train
272,少し気になる点はあったが、リゾートホテルは朝食が満足できたので満足している。,1,高評価,ホテル,train
273,学習アプリは悪くないどころか、使い勝手がかなり良かった。 総合的には満足している。,1,高評価,アプリ,validation
274,実際に使ってみると、良いところも少しあったが、マウスは使いやすさが悪かったので不満が残った。,0,低評価,EC商品,train
275,良い点もあるものの、充電器は総合的に動作の安定性が悪く低評価にしたい。,0,低評価,EC商品,train
276,一週間ほど試した。音楽アプリを使ってみたところ、デザインが不便で満足できなかった。,0,低評価,アプリ,train
277,ニュースアプリを使ってみたところ、デザインが便利で満足度は高い。,1,高評価,アプリ,validation
278,一週間ほど試した。良い点もあるものの、バッグは総合的に耐久性が悪く低評価にしたい。 次は選ばないと思う。,0,低評価,EC商品,train
279,少し気になる点はあったが、恋愛映画はストーリーが良かったので満足している。,1,高評価,映画,train
280,実際に使ってみると、評判ほど良くなかった。予約アプリは使い勝手に問題があり、人には勧めにくい。,0,低評価,アプリ,train
281,最初は不安だったが、定食屋は実際に試すと雰囲気が良くて気に入った。 高評価を付けたい。,1,高評価,飲食店,train
282,今回初めて利用した。少し気になる点はあったが、観光ホテルはベッドの快適さが好印象だったので気に入っている。,1,高評価,ホテル,validation
283,一週間ほど試した。価格は安いが、冒険映画の演技を考えると不満が残る。,0,低評価,映画,train
284,実際に使ってみると、ボリュームが想像より悪かった。次回はラーメン店を選ばないと思う。,0,低評価,飲食店,train
285,空港ホテルは全体的に使いにくく、立地も残念だった。,0,低評価,ホテル,train
286,最初は良さそうに感じたが、モニターは使ってみると耐久性が悪くて期待を下回った。,0,低評価,EC商品,train
287,しばらく利用した結果、機能の分かりやすさが想像より悪かった。次回は音楽アプリを選ばないと思う。 低評価にしたい。,0,低評価,アプリ,test
288,今回初めて利用した。少し気になる点はあったが、メモアプリは画面の見やすさが良かったので気に入っている。,1,高評価,アプリ,validation
289,少し気になる点はあったが、地図アプリはデザインが良かったので納得している。,1,高評価,アプリ,train
290,レビューを見て選んだ。細かい欠点はあるものの、モニターは総合的に耐久性が良く高評価にしたい。,1,高評価,EC商品,train
291,レビューを見て選んだ。評判どおりだった。シティホテルは眺めが良く、人にも勧めたい。,1,高評価,ホテル,validation
292,評判どおりだった。掃除機は品質が良く、人にも勧めたい。 高評価を付けたい。,1,高評価,EC商品,train
293,立地が想像より不満だった。次回は民宿を選ばないと思う。 低評価にしたい。,0,低評価,ホテル,train
294,コストパフォーマンスが想像より良かった。次回もキーボードを選びたい。,1,高評価,EC商品,train
295,宿泊施設を使ってみたところ、立地が便利で満足度は高い。,1,高評価,ホテル,train
296,寿司店は価格が安定していてストレスなく使えた。満足している。 高評価を付けたい。,1,高評価,飲食店,train
297,しばらく利用した結果、迫力に満足した。冒険映画を選んで正解だったと思う。,1,高評価,映画,train
298,しばらく利用した結果、ニュースアプリは操作性が不安定でストレスを感じた。不満がある。 総合的には不満が残る。,0,低評価,アプリ,validation
299,レビューを見て選んだ。パン屋は悪くないと思っていたが、雰囲気がかなり残念だった。,0,低評価,飲食店,train
300,レビューを見て選んだ。期待していたのに、寿司店は雰囲気が予想以下で残念に感じた。,0,低評価,飲食店,train
301,何度か利用してみた。ラーメン店は提供の早さが安定していてストレスなく使えた。満足している。 また使いたいと思う。,1,高評価,飲食店,train
302,実際に使ってみると、ドラマ映画は値段に見合わない。特に演出がひどかった。,0,低評価,映画,train
303,マウスを使ってみたところ、デザインが不便で満足できなかった。,0,低評価,EC商品,train
304,空港ホテルは館内設備が安定していてストレスなく使えた。満足している。,1,高評価,ホテル,train
305,アニメ映画は悪くないと思っていたが、キャラクターがかなり残念だった。 次は選ばないと思う。,0,低評価,映画,train
306,何度か利用してみた。焼肉店は値段に見合わない。特にスタッフの対応がひどかった。 次は選ばないと思う。,0,低評価,飲食店,train
307,しばらく利用した結果、最初は不安だったが、スピーカーは実際に試すと使いやすさが良くて気に入った。,1,高評価,EC商品,train
308,今回初めて利用した。良い点もあるものの、アクション映画は総合的に演出が悪く低評価にしたい。,0,低評価,映画,train
309,評判どおりだった。空港ホテルは浴場が良く、人にも勧めたい。,1,高評価,ホテル,train
310,定食屋は全体的に使いやすく、雰囲気も申し分ない。 高評価を付けたい。,1,高評価,飲食店,validation
311,一週間ほど試した。ドラマ映画を使ってみたところ、ラストが便利で満足度は高い。,1,高評価,映画,test
312,評判どおりだった。民宿は眺めが良く、人にも勧めたい。,1,高評価,ホテル,train
313,価格は安いが、リゾートホテルのベッドの快適さを考えると満足できない。 次は選ばないと思う。,0,低評価,ホテル,train
314,今回初めて利用した。最初は良さそうに感じたが、焼肉店は使ってみると食材の新鮮さが悪くて期待を下回った。,0,低評価,飲食店,train
315,一週間ほど試した。不満が多く、空港ホテルはスタッフの対応のせいで快適に利用できなかった。,0,低評価,ホテル,train
316,学習アプリは全体的に使いやすく、動作速度も申し分ない。,1,高評価,アプリ,train
317,掃除機は期待以上だった。操作感が特に良く、また利用したい。,1,高評価,EC商品,train
318,雰囲気が想像より良かった。次回もうどん店を選びたい。 高評価を付けたい。,1,高評価,飲食店,train
319,良い点もあるものの、スピーカーは総合的に耐久性が悪く低評価にしたい。,0,低評価,EC商品,train
320,しばらく利用した結果、演出が想像より悪かった。次回はコメディ映画を選ばないと思う。,0,低評価,映画,test
321,立地が想像より悪かった。次回は空港ホテルを選ばないと思う。,0,低評価,ホテル,train
322,最初は良さそうに感じたが、イタリアンは使ってみると接客が悪くてがっかりした。,0,低評価,飲食店,train
323,レビューを見て選んだ。安定性が想像より不満だった。次回は学習アプリを選ばないと思う。,0,低評価,アプリ,train
324,友人の勧めで試してみた。最初は不安だったが、ドキュメンタリー映画は実際に試すと演技が良くて気に入った。,1,高評価,映画,validation
325,価格は安いが、充電器の音質を考えると納得できない。 低評価にしたい。,0,低評価,EC商品,train
326,シティホテルは悪くないと思っていたが、スタッフの対応がかなり残念だった。 次は選ばないと思う。,0,低評価,ホテル,validation
327,期待していなかったが、カプセルホテルは館内設備が予想以上で驚いた。 また使いたいと思う。,1,高評価,ホテル,train
328,価格は少し高めだが、家計簿アプリの機能の分かりやすさを考えると十分満足できる。,1,高評価,アプリ,test
329,最初は不安だったが、イタリアンは実際に試すとスタッフの対応が良くて気に入った。,1,高評価,飲食店,train
330,少し気になる点はあったが、コメディ映画はラストが良かったので満足している。,1,高評価,映画,test
331,静かさが良くなかった。カプセルホテルを選んだのは失敗だったと思う。,0,低評価,ホテル,validation
332,大きな不満はなく、スピーカーは耐久性のおかげで快適に利用できた。,1,高評価,EC商品,train
333,一週間ほど試した。最初は不安だったが、バッグは実際に試すと音質が良くて気に入った。,1,高評価,EC商品,train
334,一週間ほど試した。焼肉店は値段に見合わない。特に店内の清潔さがひどかった。,0,低評価,飲食店,test
335,良い点もあるものの、恋愛映画は総合的にキャラクターが悪く低評価にしたい。,0,低評価,映画,train
336,良い点もあるものの、宿泊施設は総合的にチェックインのスムーズさが悪く低評価にしたい。 低評価にしたい。,0,低評価,ホテル,train
337,レビューを見て選んだ。大きな不満はなく、うどん店はボリュームのおかげで快適に利用できた。 高評価を付けたい。,1,高評価,飲食店,train
338,少し気になる点はあったが、アクション映画はストーリーが良かったので納得している。,1,高評価,映画,train
339,ラストが想像より悪かった。次回は冒険映画を選ばないと思う。 低評価にしたい。,0,低評価,映画,train
340,リゾートホテルは期待以上だった。ベッドの快適さが特に良く、また利用したい。,1,高評価,ホテル,train
341,最初は不安だったが、アニメ映画は実際に試すと映像が良くて気に入った。 また使いたいと思う。,1,高評価,映画,validation
342,最初は良さそうに感じたが、ラーメン店は使ってみると店内の清潔さが悪くて残念に感じた。,0,低評価,飲食店,train
343,レビューを見て選んだ。良い点もあるものの、SF映画は総合的に演技が悪く低評価にしたい。,0,低評価,映画,train
344,一週間ほど試した。期待していたのに、メモアプリは機能の分かりやすさが予想以下でがっかりした。,0,低評価,アプリ,train
345,しばらく利用した結果、期待していたのに、アクション映画は演出が予想以下でがっかりした。 次は選ばないと思う。,0,低評価,映画,train
346,細かい欠点はあるものの、掃除機は総合的にコストパフォーマンスが良く高評価にしたい。 高評価を付けたい。,1,高評価,EC商品,train
347,写真アプリは値段に見合わない。特に使い勝手がひどかった。,0,低評価,アプリ,test
348,不満が多く、スピーカーはサイズ感のせいで快適に利用できなかった。,0,低評価,EC商品,train
349,期待していなかったが、カプセルホテルは静かさが予想以上で驚いた。 総合的には気に入っている。,1,高評価,ホテル,train
350,宿泊施設は全体的に使いにくく、朝食も残念だった。,0,低評価,ホテル,train
351,観光ホテルは悪くないどころか、浴場がかなり良かった。,1,高評価,ホテル,train
352,民宿を使ってみたところ、スタッフの対応が不便で満足できなかった。,0,低評価,ホテル,train
353,しばらく利用した結果、最初は不安だったが、モニターは実際に試すと操作感が良くて気に入った。 高評価を付けたい。,1,高評価,EC商品,train
354,友人の勧めで試してみた。アニメ映画は値段に見合わない。特に迫力がひどかった。,0,低評価,映画,train
355,一週間ほど試した。少し気になる点はあったが、寿司店はメニューの豊富さが良かったので満足している。,1,高評価,飲食店,train
356,今回初めて利用した。期待していなかったが、モニターはコストパフォーマンスが予想以上で驚いた。,1,高評価,EC商品,validation
357,少し気になる点はあったが、椅子は操作感が満足できたので満足している。 高評価を付けたい。,1,高評価,EC商品,train
358,カプセルホテルを使ってみたところ、浴場が便利で満足度は高い。,1,高評価,ホテル,train
359,椅子は悪くないどころか、軽さがかなり良かった。 総合的には満足している。,1,高評価,EC商品,validation
360,レビューを見て選んだ。大きな不満はなく、マウスは動作の安定性のおかげで快適に利用できた。,1,高評価,EC商品,train
361,今回初めて利用した。画面の見やすさが想像より残念だった。次回は家計簿アプリを選ばないと思う。,0,低評価,アプリ,train
362,レビューを見て選んだ。イタリアンは提供の早さが安定していてストレスなく使えた。満足している。,1,高評価,飲食店,train
363,パン屋を使ってみたところ、食材の新鮮さが不便で満足できなかった。,0,低評価,飲食店,train
364,レビューを見て選んだ。学習アプリは動作速度が不安定でストレスを感じた。不満がある。,0,低評価,アプリ,train
365,スタッフの対応が想像より良かった。次回もカプセルホテルを選びたい。 また使いたいと思う。,1,高評価,ホテル,train
366,レビューを見て選んだ。最初は不安だったが、充電器は実際に試すと動作の安定性が良くて気に入った。,1,高評価,EC商品,train
367,映像が想像より良かった。次回もアクション映画を選びたい。,1,高評価,映画,train
368,カフェは悪くないどころか、食材の新鮮さがかなり良かった。,1,高評価,飲食店,train
369,何度か利用してみた。充電器を使ってみたところ、サイズ感が便利で満足度は高い。,1,高評価,EC商品,validation
370,最初は不安だったが、動画アプリは実際に試すと画面の見やすさが良くて気に入った。,1,高評価,アプリ,train
371,評判どおりだった。温泉旅館は部屋の清潔さが良く、人にも勧めたい。,1,高評価,ホテル,train
372,レビューを見て選んだ。イタリアンを使ってみたところ、価格が不便で満足できなかった。 低評価にしたい。,0,低評価,飲食店,test
373,良いところも少しあったが、アニメ映画は音楽が悪かったので不満が残った。 次は選ばないと思う。,0,低評価,映画,train
374,動作の安定性が想像より良かった。次回もキーボードを選びたい。,1,高評価,EC商品,train
375,一週間ほど試した。期待していなかったが、家計簿アプリは画面の見やすさが予想以上で驚いた。,1,高評価,アプリ,train
376,一週間ほど試した。写真アプリは全体的に使いやすく、レスポンスも申し分ない。 総合的には満足している。,1,高評価,アプリ,test
377,一週間ほど試した。少し気になる点はあったが、マウスはデザインが良かったので満足している。 高評価を付けたい。,1,高評価,EC商品,test
378,価格は少し高めだが、温泉旅館のスタッフの対応を考えると十分満足できる。 高評価を付けたい。,1,高評価,ホテル,test
379,実際に使ってみると、朝食が想像より悪かった。次回はシティホテルを選ばないと思う。,0,低評価,ホテル,validation
380,一週間ほど試した。大きな不満はなく、カプセルホテルはスタッフの対応のおかげで快適に利用できた。 また使いたいと思う。,1,高評価,ホテル,train
381,レビューを見て選んだ。評判ほど良くなかった。温泉旅館はベッドの快適さに問題があり、人には勧めにくい。,0,低評価,ホテル,train
382,しばらく利用した結果、少し気になる点はあったが、掃除機は使いやすさが良かったので満足している。,1,高評価,EC商品,train
383,ドラマ映画は悪くないどころか、演技がかなり良かった。,1,高評価,映画,train
384,最初は不安だったが、リゾートホテルは実際に試すとベッドの快適さが良くて気に入った。,1,高評価,ホテル,train
385,実際に使ってみると、恋愛映画は悪くないと思っていたが、演出がかなり残念だった。 次は選ばないと思う。,0,低評価,映画,train
386,実際に使ってみると、期待していたのに、恋愛映画は映像が予想以下でがっかりした。,0,低評価,映画,validation
387,レビューを見て選んだ。操作感が想像より不満だった。次回はマウスを選ばないと思う。,0,低評価,EC商品,train
388,一週間ほど試した。食材の新鮮さが良くなかった。うどん店を選んだのは失敗だったと思う。 次は選ばないと思う。,0,低評価,飲食店,test
389,しばらく利用した結果、細かい欠点はあるものの、イヤホンは総合的に品質が良く高評価にしたい。,1,高評価,EC商品,train
390,一週間ほど試した。音楽アプリは全体的に使いやすく、画面の見やすさも申し分ない。,1,高評価,アプリ,train
391,キーボードを使ってみたところ、音質が不便で満足できなかった。 次は選ばないと思う。,0,低評価,EC商品,train
392,焼肉店は期待以上だった。雰囲気が特に良く、また利用したい。 また使いたいと思う。,1,高評価,飲食店,train
393,雰囲気が想像より悪かった。次回はラーメン店を選ばないと思う。,0,低評価,飲食店,train
394,ニュースアプリを使ってみたところ、機能の分かりやすさが不便で満足できなかった。,0,低評価,アプリ,train
395,今回初めて利用した。イタリアンは値段以上の価値を感じた。特に価格が素晴らしい。 高評価を付けたい。,1,高評価,飲食店,train
396,レビューを見て選んだ。イタリアンは全体的に使いやすく、価格も申し分ない。,1,高評価,飲食店,train
397,評判どおりだった。居酒屋は店内の清潔さが良く、人にも勧めたい。 総合的には満足している。,1,高評価,飲食店,train
398,カレー店は全体的に使いにくく、価格も残念だった。,0,低評価,飲食店,validation
399,しばらく利用した結果、大きな不満はなく、リゾートホテルはチェックインのスムーズさのおかげで快適に利用できた。,1,高評価,ホテル,train
400,良い点もあるものの、寿司店は総合的に価格が悪く低評価にしたい。,0,低評価,飲食店,test
401,レビューを見て選んだ。期待していなかったが、恋愛映画は演出が予想以上で驚いた。,1,高評価,映画,train
402,今回初めて利用した。細かい欠点はあるものの、SF映画は総合的に世界観が良く高評価にしたい。,1,高評価,映画,train
403,最初は不安だったが、バッグは実際に試すと軽さが良くて気に入った。,1,高評価,EC商品,train
404,テンポに満足した。ドキュメンタリー映画を選んで正解だったと思う。 また使いたいと思う。,1,高評価,映画,train
405,期待していたのに、カプセルホテルは朝食が予想以下でがっかりした。,0,低評価,ホテル,train
406,細かい欠点はあるものの、アクション映画は総合的にラストが良く高評価にしたい。,1,高評価,映画,train
407,今回初めて利用した。最初は不安だったが、写真アプリは実際に試すと画面の見やすさが良くて気に入った。 また使いたいと思う。,1,高評価,アプリ,train
408,リゾートホテルは悪くないと思っていたが、浴場がかなり残念だった。,0,低評価,ホテル,test
409,一週間ほど試した。リゾートホテルは値段以上の価値を感じた。特にスタッフの対応が素晴らしい。,1,高評価,ホテル,train
410,ボリュームが想像より良かった。次回も焼肉店を選びたい。,1,高評価,飲食店,train
411,価格は安いが、リゾートホテルのスタッフの対応を考えると満足できない。,0,低評価,ホテル,train
412,ベッドの快適さに満足した。リゾートホテルを選んで正解だったと思う。 総合的には気に入っている。,1,高評価,ホテル,validation
413,今回初めて利用した。宿泊施設は浴場が安定していてストレスなく使えた。満足している。,1,高評価,ホテル,train
414,今回初めて利用した。ラーメン店は悪くないと思っていたが、スタッフの対応がかなり残念だった。,0,低評価,飲食店,train
415,しばらく利用した結果、動画アプリは期待以上だった。動作速度が特に良く、また利用したい。,1,高評価,アプリ,train
416,検索機能が良くなかった。動画アプリを選んだのは失敗だったと思う。,0,低評価,アプリ,train
417,友人の勧めで試してみた。価格は少し高めだが、音楽アプリの動作速度を考えると十分満足できる。,1,高評価,アプリ,train
418,眺めが想像より好印象だった。次回も民宿を選びたい。,1,高評価,ホテル,train
419,実際に使ってみると、演技が良くなかった。ミステリー映画を選んだのは失敗だったと思う。,0,低評価,映画,train
420,カレー店を使ってみたところ、雰囲気が便利で満足度は高い。,1,高評価,飲食店,train
421,友人の勧めで試してみた。最初は不安だったが、定食屋は実際に試すと料理の味が良くて気に入った。,1,高評価,飲食店,train
422,評判ほど良くなかった。マウスはコストパフォーマンスに問題があり、人には勧めにくい。 総合的には不満が残る。,0,低評価,EC商品,train
423,今回初めて利用した。温泉旅館はチェックインのスムーズさが安定していてストレスなく使えた。満足している。,1,高評価,ホテル,train
424,良いところも少しあったが、うどん店は接客が悪かったので不満が残った。 次は選ばないと思う。,0,低評価,飲食店,train
425,レビューを見て選んだ。家計簿アプリは悪くないと思っていたが、デザインがかなり残念だった。 低評価にしたい。,0,低評価,アプリ,train
426,不満が多く、動画アプリは動作速度のせいで快適に利用できなかった。,0,低評価,アプリ,train
427,地図アプリを使ってみたところ、機能の分かりやすさが不便で満足できなかった。 低評価にしたい。,0,低評価,アプリ,validation
428,空港ホテルは静かさが不安定でストレスを感じた。不満がある。,0,低評価,ホテル,train
429,機能の分かりやすさが想像より良かった。次回もメモアプリを選びたい。,1,高評価,アプリ,train
430,レビューを見て選んだ。最初は不安だったが、ドキュメンタリー映画は実際に試すとストーリーが良くて気に入った。,1,高評価,映画,validation
431,実際に使ってみると、良いところも少しあったが、音楽アプリはレスポンスが悪かったので不満が残った。 低評価にしたい。,0,低評価,アプリ,train
432,機能の分かりやすさが想像より不満だった。次回は学習アプリを選ばないと思う。,0,低評価,アプリ,train
433,少し気になる点はあったが、キーボードは音質が良かったので満足している。,1,高評価,EC商品,train
434,最初は良さそうに感じたが、焼肉店は使ってみると食材の新鮮さが悪くてがっかりした。 次は選ばないと思う。,0,低評価,飲食店,train
435,今回初めて利用した。水筒を使ってみたところ、軽さが便利で満足度は高い。 総合的には納得している。,1,高評価,EC商品,train
436,アクション映画は悪くないどころか、世界観がかなり良かった。,1,高評価,映画,train
437,評判どおりだった。キーボードは品質が良く、人にも勧めたい。 高評価を付けたい。,1,高評価,EC商品,train
438,価格は少し高めだが、冒険映画の音楽を考えると十分満足できる。 総合的には満足している。,1,高評価,映画,train
439,評判どおりだった。冒険映画は演技が良く、人にも勧めたい。 高評価を付けたい。,1,高評価,映画,train
440,スピーカーを使ってみたところ、軽さが不便で満足できなかった。,0,低評価,EC商品,train
441,最初は良さそうに感じたが、音楽アプリは使ってみるとデザインが悪くて期待を下回った。,0,低評価,アプリ,train
442,価格は安いが、シティホテルの浴場を考えると満足できない。 次は選ばないと思う。,0,低評価,ホテル,train
443,不満が多く、シティホテルはチェックインのスムーズさのせいで快適に利用できなかった。,0,低評価,ホテル,train
444,大きな不満はなく、写真アプリは使い勝手のおかげで快適に利用できた。,1,高評価,アプリ,train
445,カレー店は全体的に使いにくく、食材の新鮮さも残念だった。,0,低評価,飲食店,validation
446,しばらく利用した結果、温泉旅館は期待外れだった。スタッフの対応に不満があり、もう利用したくない。 低評価にしたい。,0,低評価,ホテル,train
447,一週間ほど試した。評判どおりだった。カフェはスタッフの対応が良く、人にも勧めたい。,1,高評価,飲食店,train
448,SF映画を使ってみたところ、演出が不便で満足できなかった。,0,低評価,映画,train
449,水筒は全体的に使いやすく、品質も申し分ない。,1,高評価,EC商品,train
450,実際に使ってみると、チャットアプリは全体的に使いやすく、安定性も申し分ない。,1,高評価,アプリ,test
451,デザインが想像より良かった。次回もモニターを選びたい。,1,高評価,EC商品,train
452,学習アプリは期待以上だった。通知機能が特に良く、また利用したい。,1,高評価,アプリ,train
453,期待していなかったが、観光ホテルは館内設備が予想以上で驚いた。,1,高評価,ホテル,train
454,モニターは全体的に使いにくく、音質も残念だった。,0,低評価,EC商品,train
455,料理の味が想像より悪かった。次回は寿司店を選ばないと思う。,0,低評価,飲食店,train
456,しばらく利用した結果、キャラクターが良くなかった。恋愛映画を選んだのは失敗だったと思う。,0,低評価,映画,train
457,何度か利用してみた。良いところも少しあったが、コメディ映画はテンポが悪かったので不満が残った。,0,低評価,映画,test
458,何度か利用してみた。焼肉店は悪くないどころか、スタッフの対応がかなり良かった。 高評価を付けたい。,1,高評価,飲食店,train
459,一週間ほど試した。評判ほど良くなかった。アニメ映画は迫力に問題があり、人には勧めにくい。,0,低評価,映画,train
460,何度か利用してみた。期待していなかったが、宿泊施設は浴場が予想以上で驚いた。 総合的には満足している。,1,高評価,ホテル,train
461,細かい欠点はあるものの、宿泊施設は総合的に朝食が良く高評価にしたい。,1,高評価,ホテル,train
462,今回初めて利用した。良いところも少しあったが、焼肉店は店内の清潔さが悪かったので不満が残った。,0,低評価,飲食店,train
463,アクション映画は全体的に使いやすく、テンポも申し分ない。,1,高評価,映画,train
464,写真アプリは値段以上の価値を感じた。特に安定性が素晴らしい。,1,高評価,アプリ,validation
465,大きな不満はなく、温泉旅館は浴場のおかげで快適に利用できた。,1,高評価,ホテル,train
466,レビューを見て選んだ。動画アプリは安定性が安定していてストレスなく使えた。満足している。,1,高評価,アプリ,train
467,実際に使ってみると、椅子を使ってみたところ、品質が不便で満足できなかった。,0,低評価,EC商品,train
468,一週間ほど試した。料理の味に満足した。パン屋を選んで正解だったと思う。,1,高評価,飲食店,validation
469,しばらく利用した結果、寿司店は悪くないと思っていたが、料理の味がかなり残念だった。 次は選ばないと思う。,0,低評価,飲食店,train
470,評判ほど良くなかった。アニメ映画はストーリーに問題があり、人には勧めにくい。,0,低評価,映画,train
471,ニュースアプリは全体的に使いにくく、通知機能も残念だった。 次は選ばないと思う。,0,低評価,アプリ,train
472,使い勝手が想像より悪かった。次回は地図アプリを選ばないと思う。 次は選ばないと思う。,0,低評価,アプリ,train
473,一週間ほど試した。ニュースアプリは悪くないと思っていたが、操作性がかなり残念だった。 低評価にしたい。,0,低評価,アプリ,validation
474,しばらく利用した結果、最初は不安だったが、ミステリー映画は実際に試すと音楽が良くて気に入った。,1,高評価,映画,train
475,今回初めて利用した。評判どおりだった。椅子はコストパフォーマンスが良く、人にも勧めたい。,1,高評価,EC商品,train
476,何度か利用してみた。ボリュームが想像より好印象だった。次回もカレー店を選びたい。,1,高評価,飲食店,test
477,音質が想像より不満だった。次回は椅子を選ばないと思う。 総合的には不満が残る。,0,低評価,EC商品,train
478,一週間ほど試した。最初は不安だったが、モニターは実際に試すとサイズ感が良くて気に入った。,1,高評価,EC商品,train
479,良い点もあるものの、家計簿アプリは総合的にレスポンスが悪く低評価にしたい。,0,低評価,アプリ,train
480,実際に使ってみると、アニメ映画は全体的に使いやすく、ストーリーも申し分ない。,1,高評価,映画,train
481,価格は安いが、カフェのボリュームを考えると満足できない。,0,低評価,飲食店,train
482,大きな不満はなく、宿泊施設は浴場のおかげで快適に利用できた。 総合的には納得している。,1,高評価,ホテル,train
483,バッグは期待以上だった。サイズ感が特に良く、また利用したい。 総合的には気に入っている。,1,高評価,EC商品,train
484,画面の見やすさが良くなかった。写真アプリを選んだのは失敗だったと思う。,0,低評価,アプリ,train
485,友人の勧めで試してみた。演技が想像より悪かった。次回はコメディ映画を選ばないと思う。 総合的には不満が残る。,0,低評価,映画,train
486,しばらく利用した結果、最初は不安だったが、定食屋は実際に試すと提供の早さが良くて気に入った。,1,高評価,飲食店,train
487,キーボードは悪くないと思っていたが、軽さがかなり残念だった。,0,低評価,EC商品,train
488,何度か利用してみた。最初は良さそうに感じたが、居酒屋は使ってみると接客が悪くて残念に感じた。,0,低評価,飲食店,train
489,恋愛映画は悪くないどころか、テンポがかなり良かった。 また使いたいと思う。,1,高評価,映画,train
490,しばらく利用した結果、冒険映画は悪くないと思っていたが、演出がかなり残念だった。,0,低評価,映画,train
491,地図アプリは悪くないどころか、検索機能がかなり良かった。,1,高評価,アプリ,train
492,最初は良さそうに感じたが、マウスは使ってみると使いやすさが悪くてがっかりした。,0,低評価,EC商品,train
493,一週間ほど試した。パン屋は期待以上だった。店内の清潔さが特に良く、また利用したい。 総合的には満足している。,1,高評価,飲食店,train
494,一週間ほど試した。期待していなかったが、寿司店は価格が予想以上で驚いた。 また使いたいと思う。,1,高評価,飲食店,train
495,友人の勧めで試してみた。キーボードは全体的に使いにくく、コストパフォーマンスも残念だった。,0,低評価,EC商品,test
496,しばらく利用した結果、価格は安いが、バッグの使いやすさを考えると満足できない。 総合的には不満が残る。,0,低評価,EC商品,train
497,実際に使ってみると、観光ホテルは全体的に使いやすく、チェックインのスムーズさも申し分ない。 総合的には満足している。,1,高評価,ホテル,train
498,今回初めて利用した。音楽アプリは期待以上だった。操作性が特に良く、また利用したい。,1,高評価,アプリ,train
499,デザインが想像より良かった。次回も掃除機を選びたい。 高評価を付けたい。,1,高評価,EC商品,train
500,一週間ほど試した。スピーカーは全体的に使いにくく、軽さも残念だった。,0,低評価,EC商品,train
501,ドキュメンタリー映画を使ってみたところ、ラストが便利で満足度は高い。,1,高評価,映画,train
502,友人の勧めで試してみた。細かい欠点はあるものの、うどん店は総合的に雰囲気が良く高評価にしたい。 また使いたいと思う。,1,高評価,飲食店,train
503,レビューを見て選んだ。最初は良さそうに感じたが、イヤホンは使ってみると音質が悪くて残念に感じた。 低評価にしたい。,0,低評価,EC商品,train
504,レスポンスが想像より悪かった。次回は家計簿アプリを選ばないと思う。,0,低評価,アプリ,train
505,少し気になる点はあったが、焼肉店は雰囲気が良かったので満足している。,1,高評価,飲食店,train
506,実際に使ってみると、モニターは値段以上の価値を感じた。特に動作の安定性が期待以上だった。,1,高評価,EC商品,train
507,写真アプリは期待以上だった。機能の分かりやすさが特に良く、また利用したい。,1,高評価,アプリ,train
508,温泉旅館は悪くないどころか、立地がかなり良かった。,1,高評価,ホテル,train
509,友人の勧めで試してみた。細かい欠点はあるものの、モニターは総合的に動作の安定性が良く高評価にしたい。,1,高評価,EC商品,validation
510,チャットアプリは値段に見合わない。特に操作性がひどかった。,0,低評価,アプリ,train
511,不満が多く、カプセルホテルはチェックインのスムーズさのせいで快適に利用できなかった。,0,低評価,ホテル,train
512,動画アプリは全体的に使いにくく、機能の分かりやすさも残念だった。,0,低評価,アプリ,train
513,友人の勧めで試してみた。細かい欠点はあるものの、観光ホテルは総合的に立地が良く高評価にしたい。 また使いたいと思う。,1,高評価,ホテル,validation
514,レビューを見て選んだ。SF映画は期待以上だった。ストーリーが特に良く、また利用したい。,1,高評価,映画,train
515,実際に使ってみると、浴場が想像より好印象だった。次回も民宿を選びたい。,1,高評価,ホテル,train
516,友人の勧めで試してみた。イタリアンは全体的に使いにくく、提供の早さも残念だった。,0,低評価,飲食店,train
517,一週間ほど試した。ミステリー映画は期待外れだった。演出に不満があり、もう利用したくない。,0,低評価,映画,train
518,実際に使ってみると、提供の早さが良くなかった。カレー店を選んだのは失敗だったと思う。,0,低評価,飲食店,train
519,大きな不満はなく、空港ホテルは朝食のおかげで快適に利用できた。,1,高評価,ホテル,train
520,充電器は期待外れだった。耐久性に不満があり、もう利用したくない。,0,低評価,EC商品,test
521,動画アプリは全体的に使いやすく、使い勝手も申し分ない。,1,高評価,アプリ,train
522,焼肉店は値段以上の価値を感じた。特に価格が素晴らしい。,1,高評価,飲食店,test
523,実際に使ってみると、最初は不安だったが、アニメ映画は実際に試すと演出が良くて気に入った。 また使いたいと思う。,1,高評価,映画,train
524,少し気になる点はあったが、バッグは品質が良かったので気に入っている。,1,高評価,EC商品,train
525,観光ホテルは全体的に使いやすく、立地も申し分ない。,1,高評価,ホテル,train
526,寿司店は全体的に使いやすく、ボリュームも申し分ない。,1,高評価,飲食店,train
527,しばらく利用した結果、期待していなかったが、空港ホテルは静かさが予想以上で驚いた。,1,高評価,ホテル,validation
528,レスポンスが想像より満足できた。次回も写真アプリを選びたい。 また使いたいと思う。,1,高評価,アプリ,train
529,良いところも少しあったが、家計簿アプリは機能の分かりやすさが悪かったので不満が残った。 低評価にしたい。,0,低評価,アプリ,train
530,しばらく利用した結果、料理の味に満足した。居酒屋を選んで正解だったと思う。,1,高評価,飲食店,validation
531,価格は安いが、空港ホテルの浴場を考えると満足できない。 総合的には不満が残る。,0,低評価,ホテル,train
532,レビューを見て選んだ。少し気になる点はあったが、チャットアプリは通知機能が満足できたので満足している。,1,高評価,アプリ,train
533,ラーメン店は悪くないどころか、雰囲気がかなり良かった。 高評価を付けたい。,1,高評価,飲食店,train
534,評判どおりだった。スピーカーは耐久性が良く、人にも勧めたい。 総合的には満足している。,1,高評価,EC商品,train
535,実際に使ってみると、最初は不安だったが、ビジネスホテルは実際に試すとチェックインのスムーズさが良くて気に入った。 また使いたいと思う。,1,高評価,ホテル,train
536,少し気になる点はあったが、冒険映画はラストが好印象だったので満足している。,1,高評価,映画,train
537,価格は少し高めだが、メモアプリの操作性を考えると十分満足できる。,1,高評価,アプリ,train
538,シティホテルは期待外れだった。眺めに不満があり、もう利用したくない。,0,低評価,ホテル,test
539,しばらく利用した結果、バッグは期待外れだった。音質に不満があり、もう利用したくない。,0,低評価,EC商品,validation
540,今回初めて利用した。浴場が想像より良かった。次回も温泉旅館を選びたい。 総合的には満足している。,1,高評価,ホテル,train
541,少し気になる点はあったが、アクション映画は世界観が満足できたので満足している。,1,高評価,映画,test
542,価格は安いが、カレー店の食材の新鮮さを考えると満足できない。,0,低評価,飲食店,train
543,友人の勧めで試してみた。カフェは悪くないと思っていたが、料理の味がかなり残念だった。 次は選ばないと思う。,0,低評価,飲食店,test
544,今回初めて利用した。カフェは悪くないと思っていたが、メニューの豊富さがかなり残念だった。 次は選ばないと思う。,0,低評価,飲食店,validation
545,実際に使ってみると、最初は不安だったが、ラーメン店は実際に試すと料理の味が良くて気に入った。,1,高評価,飲食店,train
546,友人の勧めで試してみた。良い点もあるものの、ホラー映画は総合的にストーリーが悪く低評価にしたい。,0,低評価,映画,train
547,友人の勧めで試してみた。動画アプリは値段以上の価値を感じた。特に動作速度がかなり良い。,1,高評価,アプリ,train
548,価格は安いが、イタリアンのメニューの豊富さを考えると満足できない。,0,低評価,飲食店,train
549,良い点もあるものの、定食屋は総合的に提供の早さが悪く低評価にしたい。,0,低評価,飲食店,train
550,少し気になる点はあったが、うどん店はメニューの豊富さが好印象だったので満足している。 高評価を付けたい。,1,高評価,飲食店,test
551,良い点もあるものの、家計簿アプリは総合的に安定性が悪く低評価にしたい。,0,低評価,アプリ,train
552,友人の勧めで試してみた。カレー店は悪くないどころか、食材の新鮮さがかなり良かった。,1,高評価,飲食店,train
553,居酒屋は提供の早さが安定していてストレスなく使えた。納得している。,1,高評価,飲食店,train
554,実際に使ってみると、期待していたのに、掃除機は耐久性が予想以下でがっかりした。,0,低評価,EC商品,validation
555,キーボードは期待外れだった。サイズ感に不満があり、もう利用したくない。 次は選ばないと思う。,0,低評価,EC商品,train
556,椅子は軽さが不安定でストレスを感じた。不満がある。,0,低評価,EC商品,validation
557,一週間ほど試した。民宿は悪くないと思っていたが、スタッフの対応がかなり残念だった。,0,低評価,ホテル,train
558,学習アプリは期待外れだった。使い勝手に不満があり、もう利用したくない。,0,低評価,アプリ,validation
559,焼肉店は価格が安定していてストレスなく使えた。満足している。 高評価を付けたい。,1,高評価,飲食店,train
560,アクション映画は全体的に使いにくく、音楽も残念だった。 総合的には不満が残る。,0,低評価,映画,train
561,一週間ほど試した。評判どおりだった。空港ホテルは立地が良く、人にも勧めたい。 また使いたいと思う。,1,高評価,ホテル,test
562,細かい欠点はあるものの、椅子は総合的にサイズ感が良く高評価にしたい。 総合的には気に入っている。,1,高評価,EC商品,train
563,スピーカーは操作感が不安定でストレスを感じた。不満がある。,0,低評価,EC商品,train
564,少し気になる点はあったが、駅前ホテルは部屋の清潔さが良かったので満足している。,1,高評価,ホテル,train
565,カフェは期待外れだった。雰囲気に不満があり、もう利用したくない。,0,低評価,飲食店,train
566,実際に使ってみると、演出に満足した。ミステリー映画を選んで正解だったと思う。,1,高評価,映画,train
567,通知機能が良くなかった。地図アプリを選んだのは失敗だったと思う。 低評価にしたい。,0,低評価,アプリ,train
568,一週間ほど試した。少し気になる点はあったが、音楽アプリは通知機能が良かったので納得している。,1,高評価,アプリ,train
569,何度か利用してみた。良い点もあるものの、ドキュメンタリー映画は総合的に演出が悪く低評価にしたい。,0,低評価,映画,train
570,実際に使ってみると、イタリアンはボリュームが安定していてストレスなく使えた。満足している。 高評価を付けたい。,1,高評価,飲食店,validation
571,今回初めて利用した。ミステリー映画は値段以上の価値を感じた。特にストーリーが素晴らしい。 また使いたいと思う。,1,高評価,映画,train
572,何度か利用してみた。大きな不満はなく、地図アプリは画面の見やすさのおかげで快適に利用できた。,1,高評価,アプリ,train
573,実際に使ってみると、焼肉店は期待外れだった。雰囲気に不満があり、もう利用したくない。,0,低評価,飲食店,train
574,実際に使ってみると、細かい欠点はあるものの、ドキュメンタリー映画は総合的にストーリーが良く高評価にしたい。,1,高評価,映画,train
575,何度か利用してみた。細かい欠点はあるものの、観光ホテルは総合的に静かさが良く高評価にしたい。 また使いたいと思う。,1,高評価,ホテル,test
576,良いところも少しあったが、アクション映画は迫力が悪かったので不満が残った。 総合的には不満が残る。,0,低評価,映画,train
577,最初は不安だったが、キーボードは実際に試すとデザインが良くて気に入った。,1,高評価,EC商品,test
578,期待していたのに、モニターは耐久性が予想以下で残念に感じた。,0,低評価,EC商品,train
579,友人の勧めで試してみた。価格は安いが、シティホテルの館内設備を考えると満足できない。,0,低評価,ホテル,train
580,友人の勧めで試してみた。最初は不安だったが、ホラー映画は実際に試すとラストが良くて気に入った。,1,高評価,映画,train
581,期待していなかったが、ホラー映画はストーリーが予想以上で驚いた。 総合的には満足している。,1,高評価,映画,test
582,一週間ほど試した。パン屋は悪くないと思っていたが、提供の早さがかなり残念だった。,0,低評価,飲食店,test
583,最初は不安だったが、アニメ映画は実際に試すとキャラクターが良くて気に入った。 総合的には満足している。,1,高評価,映画,train
584,良いところも少しあったが、動画アプリは機能の分かりやすさが悪かったので不満が残った。,0,低評価,アプリ,train
585,今回初めて利用した。期待していたのに、恋愛映画は迫力が予想以下で期待を下回った。,0,低評価,映画,train
586,しばらく利用した結果、価格は少し高めだが、メモアプリのレスポンスを考えると十分満足できる。,1,高評価,アプリ,train
587,価格は安いが、学習アプリの検索機能を考えると満足できない。,0,低評価,アプリ,train
588,ドキュメンタリー映画は演出が不安定でストレスを感じた。不満がある。,0,低評価,映画,train
589,レビューを見て選んだ。掃除機は値段に見合わない。特に軽さがひどかった。,0,低評価,EC商品,train
590,アニメ映画は期待以上だった。演技が特に良く、また利用したい。 総合的には納得している。,1,高評価,映画,train
591,ミステリー映画を使ってみたところ、音楽が便利で満足度は高い。,1,高評価,映画,train
592,レビューを見て選んだ。良い点もあるものの、カフェは総合的に食材の新鮮さが悪く低評価にしたい。 次は選ばないと思う。,0,低評価,飲食店,train
593,動画アプリは安定性が不安定でストレスを感じた。不満がある。,0,低評価,アプリ,train
594,観光ホテルは悪くないと思っていたが、立地がかなり残念だった。 低評価にしたい。,0,低評価,ホテル,train
595,評判どおりだった。寿司店は価格が良く、人にも勧めたい。,1,高評価,飲食店,test
596,価格は安いが、掃除機の品質を考えると満足できない。,0,低評価,EC商品,train
597,期待していなかったが、イヤホンは軽さが予想以上で驚いた。,1,高評価,EC商品,test
598,何度か利用してみた。価格は安いが、アニメ映画の演出を考えると満足できない。,0,低評価,映画,train
599,期待していたのに、充電器は操作感が予想以下でがっかりした。 低評価にしたい。,0,低評価,EC商品,train
600,最初は良さそうに感じたが、居酒屋は使ってみると価格が悪くてがっかりした。 総合的には不満が残る。,0,低評価,飲食店,train
601,しばらく利用した結果、観光ホテルは館内設備が不安定でストレスを感じた。不満がある。 次は選ばないと思う。,0,低評価,ホテル,train
602,椅子は悪くないと思っていたが、動作の安定性がかなり残念だった。,0,低評価,EC商品,train
603,一週間ほど試した。細かい欠点はあるものの、ホラー映画は総合的にラストが良く高評価にしたい。 高評価を付けたい。,1,高評価,映画,train
604,しばらく利用した結果、良い点もあるものの、キーボードは総合的にサイズ感が悪く低評価にしたい。 次は選ばないと思う。,0,低評価,EC商品,train
605,デザインが良くなかった。バッグを選んだのは失敗だったと思う。,0,低評価,EC商品,train
606,しばらく利用した結果、最初は不安だったが、カレー店は実際に試すと価格が良くて気に入った。 総合的には満足している。,1,高評価,飲食店,train
607,評判ほど良くなかった。ドラマ映画はキャラクターに問題があり、人には勧めにくい。,0,低評価,映画,train
608,一週間ほど試した。ドラマ映画は全体的に使いにくく、演出も残念だった。,0,低評価,映画,train
609,レビューを見て選んだ。カフェは値段に見合わない。特に接客がひどかった。,0,低評価,飲食店,train
610,友人の勧めで試してみた。良いところも少しあったが、ドラマ映画は迫力が悪かったので不満が残った。,0,低評価,映画,train
611,アニメ映画は悪くないと思っていたが、演技がかなり残念だった。,0,低評価,映画,train
612,ドキュメンタリー映画は期待外れだった。映像に不満があり、もう利用したくない。 次は選ばないと思う。,0,低評価,映画,train
613,良いところも少しあったが、SF映画はテンポが悪かったので不満が残った。,0,低評価,映画,validation
614,定食屋は店内の清潔さが不安定でストレスを感じた。不満がある。,0,低評価,飲食店,train
615,今回初めて利用した。うどん店は店内の清潔さが不安定でストレスを感じた。不満がある。,0,低評価,飲食店,train
616,今回初めて利用した。冒険映画を使ってみたところ、音楽が不便で満足できなかった。,0,低評価,映画,train
617,少し気になる点はあったが、コメディ映画は演技が良かったので満足している。,1,高評価,映画,train
618,何度か利用してみた。通知機能が想像より悪かった。次回はチャットアプリを選ばないと思う。,0,低評価,アプリ,train
619,映像が良くなかった。アニメ映画を選んだのは失敗だったと思う。,0,低評価,映画,train
620,細かい欠点はあるものの、リゾートホテルは総合的に立地が良く高評価にしたい。,1,高評価,ホテル,train
621,一週間ほど試した。価格は安いが、バッグの品質を考えると満足できない。,0,低評価,EC商品,test
622,価格は少し高めだが、温泉旅館の静かさを考えると十分満足できる。,1,高評価,ホテル,validation
623,チェックインのスムーズさに満足した。温泉旅館を選んで正解だったと思う。,1,高評価,ホテル,train
624,一週間ほど試した。期待していなかったが、カプセルホテルは静かさが予想以上で驚いた。,1,高評価,ホテル,train
625,うどん店は期待外れだった。メニューの豊富さに不満があり、もう利用したくない。,0,低評価,飲食店,train
626,良いところも少しあったが、駅前ホテルは部屋の清潔さが悪かったので不満が残った。,0,低評価,ホテル,train
627,友人の勧めで試してみた。迫力が想像より悪かった。次回は恋愛映画を選ばないと思う。 総合的には不満が残る。,0,低評価,映画,train
628,実際に使ってみると、地図アプリは使い勝手が不安定でストレスを感じた。不満がある。 総合的には不満が残る。,0,低評価,アプリ,train
629,実際に使ってみると、カフェを使ってみたところ、メニューの豊富さが便利で満足度は高い。,1,高評価,飲食店,train
630,何度か利用してみた。チャットアプリは値段以上の価値を感じた。特に安定性が素晴らしい。,1,高評価,アプリ,train
631,今回初めて利用した。不満が多く、カレー店はメニューの豊富さのせいで快適に利用できなかった。 低評価にしたい。,0,低評価,飲食店,train
632,実際に使ってみると、家計簿アプリを使ってみたところ、機能の分かりやすさが不便で満足できなかった。,0,低評価,アプリ,train
633,ラストが良くなかった。コメディ映画を選んだのは失敗だったと思う。,0,低評価,映画,train
634,定食屋は値段以上の価値を感じた。特に店内の清潔さが素晴らしい。,1,高評価,飲食店,train
635,実際に使ってみると、ドキュメンタリー映画は期待外れだった。キャラクターに不満があり、もう利用したくない。,0,低評価,映画,train
636,何度か利用してみた。アニメ映画は音楽が安定していてストレスなく使えた。満足している。,1,高評価,映画,validation
637,不満が多く、イヤホンは軽さのせいで快適に利用できなかった。 総合的には不満が残る。,0,低評価,EC商品,train
638,パン屋は悪くないどころか、提供の早さがかなり好印象だった。 また使いたいと思う。,1,高評価,飲食店,train
639,期待していなかったが、リゾートホテルは浴場が予想以上で驚いた。,1,高評価,ホテル,validation
640,充電器は軽さが安定していてストレスなく使えた。納得している。,1,高評価,EC商品,train
641,しばらく利用した結果、メモアプリはレスポンスが不安定でストレスを感じた。不満がある。,0,低評価,アプリ,train
642,今回初めて利用した。カフェは悪くないと思っていたが、料理の味がかなり残念だった。,0,低評価,飲食店,train
643,最初は不安だったが、カレー店は実際に試すと接客が良くて気に入った。 また使いたいと思う。,1,高評価,飲食店,validation
644,何度か利用してみた。少し気になる点はあったが、寿司店はスタッフの対応が良かったので気に入っている。,1,高評価,飲食店,train
645,しばらく利用した結果、ドキュメンタリー映画は悪くないと思っていたが、キャラクターがかなり残念だった。,0,低評価,映画,train
646,最初は不安だったが、ホラー映画は実際に試すとストーリーが良くて気に入った。 総合的には満足している。,1,高評価,映画,train
647,評判ほど良くなかった。コメディ映画は迫力に問題があり、人には勧めにくい。,0,低評価,映画,train
648,評判どおりだった。ニュースアプリは動作速度が良く、人にも勧めたい。 また使いたいと思う。,1,高評価,アプリ,validation
649,不満が多く、宿泊施設はベッドの快適さのせいで快適に利用できなかった。,0,低評価,ホテル,test
650,何度か利用してみた。部屋の清潔さが想像より満足できた。次回もカプセルホテルを選びたい。,1,高評価,ホテル,validation
651,マウスは悪くないと思っていたが、サイズ感がかなり残念だった。,0,低評価,EC商品,train
652,しばらく利用した結果、居酒屋は期待外れだった。雰囲気に不満があり、もう利用したくない。,0,低評価,飲食店,train
653,民宿を使ってみたところ、部屋の清潔さが便利で満足度は高い。 総合的には満足している。,1,高評価,ホテル,validation
654,一週間ほど試した。イヤホンは全体的に使いにくく、軽さも残念だった。,0,低評価,EC商品,validation
655,何度か利用してみた。期待していたのに、マウスは操作感が予想以下で残念に感じた。,0,低評価,EC商品,train
656,家計簿アプリは操作性が安定していてストレスなく使えた。満足している。,1,高評価,アプリ,validation
657,評判どおりだった。定食屋は料理の味が良く、人にも勧めたい。,1,高評価,飲食店,test
658,今回初めて利用した。期待していなかったが、スピーカーは軽さが予想以上で驚いた。,1,高評価,EC商品,train
659,価格は少し高めだが、予約アプリの機能の分かりやすさを考えると十分満足できる。,1,高評価,アプリ,test
660,友人の勧めで試してみた。細かい欠点はあるものの、カプセルホテルは総合的に館内設備が良く高評価にしたい。,1,高評価,ホテル,train
661,期待していたのに、居酒屋はボリュームが予想以下でがっかりした。,0,低評価,飲食店,train
662,細かい欠点はあるものの、シティホテルは総合的にスタッフの対応が良く高評価にしたい。,1,高評価,ホテル,train
663,SF映画は全体的に使いやすく、ラストも申し分ない。,1,高評価,映画,train
664,一週間ほど試した。キーボードはサイズ感が不安定でストレスを感じた。不満がある。 総合的には不満が残る。,0,低評価,EC商品,train
665,細かい欠点はあるものの、掃除機は総合的に操作感が良く高評価にしたい。,1,高評価,EC商品,train
666,期待していたのに、ニュースアプリは操作性が予想以下でがっかりした。,0,低評価,アプリ,train
667,充電器はサイズ感が不安定でストレスを感じた。不満がある。,0,低評価,EC商品,train
668,評判どおりだった。充電器は品質が良く、人にも勧めたい。,1,高評価,EC商品,train
669,良い点もあるものの、写真アプリは総合的に使い勝手が悪く低評価にしたい。,0,低評価,アプリ,train
670,一週間ほど試した。シティホテルは値段以上の価値を感じた。特に眺めが素晴らしい。,1,高評価,ホテル,test
671,実際に使ってみると、カプセルホテルは値段以上の価値を感じた。特に立地が素晴らしい。,1,高評価,ホテル,train
672,良い点もあるものの、水筒は総合的に品質が悪く低評価にしたい。,0,低評価,EC商品,train
673,マウスは全体的に使いにくく、デザインも残念だった。,0,低評価,EC商品,train
674,実際に使ってみると、モニターは耐久性が安定していてストレスなく使えた。気に入っている。 高評価を付けたい。,1,高評価,EC商品,validation
675,最初は良さそうに感じたが、寿司店は使ってみると価格が悪くてがっかりした。,0,低評価,飲食店,train
676,期待していなかったが、温泉旅館はスタッフの対応が予想以上で驚いた。,1,高評価,ホテル,train
677,演出が良くなかった。ミステリー映画を選んだのは失敗だったと思う。 総合的には不満が残る。,0,低評価,映画,train
678,しばらく利用した結果、使い勝手が想像より好印象だった。次回もメモアプリを選びたい。 また使いたいと思う。,1,高評価,アプリ,train
679,細かい欠点はあるものの、うどん店は総合的にボリュームが良く高評価にしたい。,1,高評価,飲食店,train
680,しばらく利用した結果、サイズ感に満足した。バッグを選んで正解だったと思う。 また使いたいと思う。,1,高評価,EC商品,train
681,浴場が想像より良かった。次回も宿泊施設を選びたい。,1,高評価,ホテル,train
682,モニターは値段に見合わない。特に軽さがひどかった。,0,低評価,EC商品,train
683,大きな不満はなく、掃除機は品質のおかげで快適に利用できた。,1,高評価,EC商品,train
684,シティホテルを使ってみたところ、朝食が便利で満足度は高い。 総合的には満足している。,1,高評価,ホテル,test
685,ドキュメンタリー映画を使ってみたところ、演技が便利で満足度は高い。,1,高評価,映画,train
686,実際に使ってみると、価格は安いが、マウスの音質を考えると満足できない。,0,低評価,EC商品,train
687,寿司店を使ってみたところ、接客が不便で満足できなかった。,0,低評価,飲食店,train
688,今回初めて利用した。家計簿アプリは全体的に使いやすく、画面の見やすさも申し分ない。 総合的には満足している。,1,高評価,アプリ,train
689,コメディ映画は全体的に使いにくく、ストーリーも残念だった。 総合的には不満が残る。,0,低評価,映画,train
690,期待していなかったが、シティホテルはチェックインのスムーズさが予想以上で驚いた。,1,高評価,ホテル,train
691,良い点もあるものの、掃除機は総合的に耐久性が悪く低評価にしたい。 低評価にしたい。,0,低評価,EC商品,train
692,最初は良さそうに感じたが、家計簿アプリは使ってみると機能の分かりやすさが悪くてがっかりした。 次は選ばないと思う。,0,低評価,アプリ,train
693,良いところも少しあったが、家計簿アプリはデザインが不満だったので不満が残った。,0,低評価,アプリ,train
694,友人の勧めで試してみた。評判ほど良くなかった。アクション映画はラストに問題があり、人には勧めにくい。,0,低評価,映画,train
695,コストパフォーマンスが想像より残念だった。次回はスピーカーを選ばないと思う。,0,低評価,EC商品,train
696,レビューを見て選んだ。評判ほど良くなかった。チャットアプリは機能の分かりやすさに問題があり、人には勧めにくい。 総合的には不満が残る。,0,低評価,アプリ,train
697,期待していなかったが、イヤホンは動作の安定性が予想以上で驚いた。,1,高評価,EC商品,train
698,動画アプリは期待以上だった。検索機能が特に良く、また利用したい。,1,高評価,アプリ,train
699,期待していたのに、カプセルホテルは立地が予想以下で期待を下回った。,0,低評価,ホテル,train
700,何度か利用してみた。リゾートホテルは期待外れだった。眺めに不満があり、もう利用したくない。,0,低評価,ホテル,train
701,価格は安いが、動画アプリの使い勝手を考えると満足できない。 総合的には不満が残る。,0,低評価,アプリ,test
702,今回初めて利用した。不満が多く、イヤホンはコストパフォーマンスのせいで快適に利用できなかった。,0,低評価,EC商品,train
703,最初は良さそうに感じたが、動画アプリは使ってみると画面の見やすさが悪くて期待を下回った。,0,低評価,アプリ,train
704,部屋の清潔さに満足した。駅前ホテルを選んで正解だったと思う。 高評価を付けたい。,1,高評価,ホテル,train
705,実際に使ってみると、駅前ホテルは悪くないどころか、チェックインのスムーズさがかなり良かった。,1,高評価,ホテル,train
706,友人の勧めで試してみた。最初は良さそうに感じたが、SF映画は使ってみると迫力が悪くてがっかりした。,0,低評価,映画,validation
707,最初は不安だったが、チャットアプリは実際に試すと機能の分かりやすさが良くて気に入った。 高評価を付けたい。,1,高評価,アプリ,train
708,雰囲気が想像より残念だった。次回はイタリアンを選ばないと思う。,0,低評価,飲食店,train
709,実際に使ってみると、ミステリー映画は全体的に使いにくく、演技も残念だった。,0,低評価,映画,train
710,一週間ほど試した。メモアプリは悪くないどころか、レスポンスがかなり良かった。 高評価を付けたい。,1,高評価,アプリ,train
711,パン屋は全体的に使いにくく、接客も残念だった。,0,低評価,飲食店,validation
712,不満が多く、スピーカーは動作の安定性のせいで快適に利用できなかった。,0,低評価,EC商品,train
713,操作感が良くなかった。スピーカーを選んだのは失敗だったと思う。,0,低評価,EC商品,train
714,駅前ホテルは期待外れだった。スタッフの対応に不満があり、もう利用したくない。,0,低評価,ホテル,train
715,レビューを見て選んだ。大きな不満はなく、チャットアプリはデザインのおかげで快適に利用できた。,1,高評価,アプリ,train
716,一週間ほど試した。メモアプリを使ってみたところ、操作性が便利で満足度は高い。,1,高評価,アプリ,train
717,細かい欠点はあるものの、イタリアンは総合的に雰囲気が良く高評価にしたい。,1,高評価,飲食店,train
718,しばらく利用した結果、細かい欠点はあるものの、宿泊施設は総合的に立地が良く高評価にしたい。,1,高評価,ホテル,train
719,今回初めて利用した。期待していたのに、充電器は操作感が予想以下でがっかりした。,0,低評価,EC商品,train
720,観光ホテルを使ってみたところ、朝食が便利で満足度は高い。 総合的には満足している。,1,高評価,ホテル,train
721,写真アプリを使ってみたところ、操作性が便利で満足度は高い。,1,高評価,アプリ,test
722,学習アプリは悪くないどころか、動作速度がかなり満足できた。 また使いたいと思う。,1,高評価,アプリ,train
723,寿司店は値段以上の価値を感じた。特にスタッフの対応が素晴らしい。,1,高評価,飲食店,train
724,うどん店は悪くないと思っていたが、メニューの豊富さがかなり残念だった。,0,低評価,飲食店,train
725,価格は安いが、カフェのメニューの豊富さを考えると満足できない。,0,低評価,飲食店,train
726,ビジネスホテルは全体的に使いにくく、朝食も残念だった。,0,低評価,ホテル,train
727,大きな不満はなく、うどん店は価格のおかげで快適に利用できた。,1,高評価,飲食店,train
728,大きな不満はなく、ラーメン店は提供の早さのおかげで快適に利用できた。,1,高評価,飲食店,train
729,価格は少し高めだが、チャットアプリの画面の見やすさを考えると十分満足できる。,1,高評価,アプリ,train
730,最初は良さそうに感じたが、ドキュメンタリー映画は使ってみると演技が悪くてがっかりした。 低評価にしたい。,0,低評価,映画,train
731,朝食が良くなかった。空港ホテルを選んだのは失敗だったと思う。,0,低評価,ホテル,train
732,リゾートホテルは値段以上の価値を感じた。特にベッドの快適さが素晴らしい。,1,高評価,ホテル,train
733,コメディ映画は全体的に使いにくく、キャラクターも残念だった。 総合的には不満が残る。,0,低評価,映画,train
734,ビジネスホテルを使ってみたところ、館内設備が便利で満足度は高い。,1,高評価,ホテル,train
735,何度か利用してみた。評判ほど良くなかった。動画アプリは使い勝手に問題があり、人には勧めにくい。,0,低評価,アプリ,train
736,今回初めて利用した。評判ほど良くなかった。ビジネスホテルはチェックインのスムーズさに問題があり、人には勧めにくい。 低評価にしたい。,0,低評価,ホテル,train
737,今回初めて利用した。ホラー映画は値段に見合わない。特にキャラクターがひどかった。,0,低評価,映画,train
738,良いところも少しあったが、アクション映画は演技が悪かったので不満が残った。 低評価にしたい。,0,低評価,映画,train
739,品質が想像より悪かった。次回はマウスを選ばないと思う。,0,低評価,EC商品,train
740,何度か利用してみた。良い点もあるものの、パン屋は総合的にメニューの豊富さが悪く低評価にしたい。,0,低評価,飲食店,train
741,寿司店は値段に見合わない。特に提供の早さがひどかった。 次は選ばないと思う。,0,低評価,飲食店,train
742,最初は不安だったが、学習アプリは実際に試すと使い勝手が良くて気に入った。,1,高評価,アプリ,train
743,不満が多く、予約アプリは操作性のせいで快適に利用できなかった。 総合的には不満が残る。,0,低評価,アプリ,train
744,期待していたのに、カフェはボリュームが予想以下で期待を下回った。 次は選ばないと思う。,0,低評価,飲食店,train
745,良い点もあるものの、宿泊施設は総合的に館内設備が悪く低評価にしたい。,0,低評価,ホテル,train
746,ドラマ映画を使ってみたところ、演技が便利で満足度は高い。,1,高評価,映画,train
747,雰囲気が良くなかった。カレー店を選んだのは失敗だったと思う。,0,低評価,飲食店,train
748,ストーリーが想像より良かった。次回もSF映画を選びたい。,1,高評価,映画,validation
749,今回初めて利用した。バッグは悪くないと思っていたが、使いやすさがかなり残念だった。 次は選ばないと思う。,0,低評価,EC商品,train
750,宿泊施設は全体的に使いにくく、眺めも残念だった。,0,低評価,ホテル,train
751,実際に使ってみると、宿泊施設は値段以上の価値を感じた。特にスタッフの対応が素晴らしい。 高評価を付けたい。,1,高評価,ホテル,train
752,充電器は悪くないと思っていたが、操作感がかなり残念だった。,0,低評価,EC商品,train
753,最初は良さそうに感じたが、ホラー映画は使ってみると演技が悪くてがっかりした。,0,低評価,映画,train
754,動作の安定性が想像より良かった。次回もモニターを選びたい。,1,高評価,EC商品,train
755,友人の勧めで試してみた。良いところも少しあったが、バッグは操作感が悪かったので不満が残った。,0,低評価,EC商品,train
756,宿泊施設は期待外れだった。眺めに不満があり、もう利用したくない。,0,低評価,ホテル,test
757,期待していたのに、恋愛映画は演出が予想以下でがっかりした。,0,低評価,映画,test
758,提供の早さに満足した。イタリアンを選んで正解だったと思う。,1,高評価,飲食店,test
759,良い点もあるものの、観光ホテルは総合的に立地が悪く低評価にしたい。,0,低評価,ホテル,validation
760,冒険映画は値段に見合わない。特に演技がひどかった。,0,低評価,映画,train
761,しばらく利用した結果、大きな不満はなく、椅子はコストパフォーマンスのおかげで快適に利用できた。,1,高評価,EC商品,train
762,期待していたのに、学習アプリは検索機能が予想以下でがっかりした。,0,低評価,アプリ,test
763,うどん店は接客が不安定でストレスを感じた。不満がある。,0,低評価,飲食店,train
764,今回初めて利用した。少し気になる点はあったが、冒険映画はキャラクターが良かったので満足している。,1,高評価,映画,train
765,何度か利用してみた。音楽アプリは期待以上だった。デザインが特に良く、また利用したい。 総合的には納得している。,1,高評価,アプリ,train
766,何度か利用してみた。評判どおりだった。ミステリー映画は演出が良く、人にも勧めたい。,1,高評価,映画,train
767,ミステリー映画は期待以上だった。ストーリーが特に良く、また利用したい。,1,高評価,映画,train
768,最初は不安だったが、ビジネスホテルは実際に試すと眺めが良くて気に入った。 また使いたいと思う。,1,高評価,ホテル,train
769,一週間ほど試した。良いところも少しあったが、シティホテルは眺めが悪かったので不満が残った。,0,低評価,ホテル,train
770,地図アプリは全体的に使いやすく、デザインも申し分ない。 総合的には満足している。,1,高評価,アプリ,train
771,コメディ映画は全体的に使いやすく、ストーリーも申し分ない。 高評価を付けたい。,1,高評価,映画,train
772,デザインに満足した。地図アプリを選んで正解だったと思う。,1,高評価,アプリ,train
773,館内設備が想像より良かった。次回も温泉旅館を選びたい。,1,高評価,ホテル,train
774,実際に使ってみると、価格は安いが、チャットアプリの使い勝手を考えると満足できない。,0,低評価,アプリ,train
775,実際に使ってみると、評判ほど良くなかった。ミステリー映画は世界観に問題があり、人には勧めにくい。,0,低評価,映画,validation
776,パン屋はメニューの豊富さが不安定でストレスを感じた。不満がある。,0,低評価,飲食店,train
777,細かい欠点はあるものの、充電器は総合的に操作感が良く高評価にしたい。 高評価を付けたい。,1,高評価,EC商品,train
778,何度か利用してみた。キーボードを使ってみたところ、耐久性が便利で満足度は高い。,1,高評価,EC商品,test
779,冒険映画は全体的に使いにくく、世界観も残念だった。,0,低評価,映画,validation
780,大きな不満はなく、動画アプリはデザインのおかげで快適に利用できた。,1,高評価,アプリ,train
781,機能の分かりやすさが良くなかった。ニュースアプリを選んだのは失敗だったと思う。,0,低評価,アプリ,train
782,写真アプリを使ってみたところ、デザインが不便で満足できなかった。,0,低評価,アプリ,train
783,最初は不安だったが、写真アプリは実際に試すと安定性が良くて気に入った。 高評価を付けたい。,1,高評価,アプリ,train
784,SF映画は値段に見合わない。特にテンポがひどかった。,0,低評価,映画,test
785,期待していなかったが、バッグはコストパフォーマンスが予想以上で驚いた。 総合的には満足している。,1,高評価,EC商品,train
786,良い点もあるものの、動画アプリは総合的に操作性が悪く低評価にしたい。 次は選ばないと思う。,0,低評価,アプリ,train
787,スピーカーは値段以上の価値を感じた。特に操作感が素晴らしい。,1,高評価,EC商品,train
788,レビューを見て選んだ。シティホテルは全体的に使いやすく、朝食も申し分ない。,1,高評価,ホテル,train
789,恋愛映画を使ってみたところ、迫力が不便で満足できなかった。,0,低評価,映画,train
790,大きな不満はなく、イタリアンはスタッフの対応のおかげで快適に利用できた。,1,高評価,飲食店,train
791,良い点もあるものの、恋愛映画は総合的にストーリーが悪く低評価にしたい。,0,低評価,映画,test
792,スピーカーは期待外れだった。操作感に不満があり、もう利用したくない。,0,低評価,EC商品,train
793,何度か利用してみた。最初は良さそうに感じたが、定食屋は使ってみるとボリュームが悪くてがっかりした。,0,低評価,飲食店,train
794,ドキュメンタリー映画は全体的に使いやすく、キャラクターも申し分ない。,1,高評価,映画,train
795,実際に使ってみると、評判どおりだった。温泉旅館は静かさが良く、人にも勧めたい。 また使いたいと思う。,1,高評価,ホテル,train
796,不満が多く、居酒屋は価格のせいで快適に利用できなかった。,0,低評価,飲食店,train
797,最初は良さそうに感じたが、パン屋は使ってみるとスタッフの対応が悪くてがっかりした。,0,低評価,飲食店,train
798,価格は少し高めだが、メモアプリの機能の分かりやすさを考えると十分満足できる。,1,高評価,アプリ,validation
799,少し気になる点はあったが、スピーカーは軽さが良かったので満足している。 高評価を付けたい。,1,高評価,EC商品,train
800,友人の勧めで試してみた。料理の味が良くなかった。イタリアンを選んだのは失敗だったと思う。,0,低評価,飲食店,train
801,動画アプリは期待外れだった。動作速度に不満があり、もう利用したくない。 次は選ばないと思う。,0,低評価,アプリ,train
802,友人の勧めで試してみた。温泉旅館は悪くないどころか、チェックインのスムーズさがかなり良かった。 高評価を付けたい。,1,高評価,ホテル,train
803,充電器を使ってみたところ、操作感が便利で満足度は高い。,1,高評価,EC商品,test
804,評判ほど良くなかった。居酒屋はメニューの豊富さに問題があり、人には勧めにくい。 低評価にしたい。,0,低評価,飲食店,train
805,今回初めて利用した。ラーメン店は値段以上の価値を感じた。特に食材の新鮮さが期待以上だった。 総合的には満足している。,1,高評価,飲食店,test
806,椅子はコストパフォーマンスが不安定でストレスを感じた。不満がある。 低評価にしたい。,0,低評価,EC商品,train
807,価格は少し高めだが、アニメ映画の世界観を考えると十分満足できる。,1,高評価,映画,train
808,レビューを見て選んだ。期待していたのに、地図アプリは通知機能が予想以下でがっかりした。,0,低評価,アプリ,train
809,駅前ホテルは部屋の清潔さが不安定でストレスを感じた。不満がある。 総合的には不満が残る。,0,低評価,ホテル,train
810,何度か利用してみた。イタリアンは期待外れだった。スタッフの対応に不満があり、もう利用したくない。,0,低評価,飲食店,test
811,ストーリーが良くなかった。アクション映画を選んだのは失敗だったと思う。,0,低評価,映画,train
812,評判ほど良くなかった。椅子は軽さに問題があり、人には勧めにくい。,0,低評価,EC商品,train
813,何度か利用してみた。音楽アプリは値段に見合わない。特に安定性がひどかった。,0,低評価,アプリ,train
814,一週間ほど試した。コストパフォーマンスに満足した。マウスを選んで正解だったと思う。,1,高評価,EC商品,train
815,期待していなかったが、ニュースアプリはレスポンスが予想以上で驚いた。 また使いたいと思う。,1,高評価,アプリ,train
816,充電器はコストパフォーマンスが不安定でストレスを感じた。不満がある。,0,低評価,EC商品,test
817,駅前ホテルを使ってみたところ、部屋の清潔さが不便で満足できなかった。 総合的には不満が残る。,0,低評価,ホテル,train
818,実際に使ってみると、評判どおりだった。パン屋は接客が良く、人にも勧めたい。 また使いたいと思う。,1,高評価,飲食店,train
819,最初は不安だったが、地図アプリは実際に試すと操作性が良くて気に入った。,1,高評価,アプリ,train
820,期待していたのに、ホラー映画はキャラクターが予想以下でがっかりした。,0,低評価,映画,test
821,一週間ほど試した。期待していなかったが、家計簿アプリは操作性が予想以上で驚いた。,1,高評価,アプリ,train
822,大きな不満はなく、ビジネスホテルは館内設備のおかげで快適に利用できた。,1,高評価,ホテル,train
823,実際に使ってみると、椅子を使ってみたところ、操作感が不便で満足できなかった。,0,低評価,EC商品,train
824,実際に使ってみると、学習アプリは悪くないどころか、レスポンスがかなり良かった。,1,高評価,アプリ,train
825,レビューを見て選んだ。ドラマ映画は全体的に使いやすく、音楽も申し分ない。,1,高評価,映画,train
826,レビューを見て選んだ。期待していたのに、モニターは軽さが予想以下でがっかりした。 次は選ばないと思う。,0,低評価,EC商品,train
827,今回初めて利用した。検索機能に満足した。地図アプリを選んで正解だったと思う。,1,高評価,アプリ,train
828,レビューを見て選んだ。メモアプリは期待外れだった。動作速度に不満があり、もう利用したくない。,0,低評価,アプリ,train
829,民宿を使ってみたところ、眺めが便利で満足度は高い。,1,高評価,ホテル,train
830,友人の勧めで試してみた。宿泊施設は悪くないどころか、館内設備がかなり良かった。,1,高評価,ホテル,train
831,不満が多く、観光ホテルは部屋の清潔さのせいで快適に利用できなかった。,0,低評価,ホテル,train
832,価格は安いが、恋愛映画の音楽を考えると満足できない。,0,低評価,映画,train
833,家計簿アプリは期待以上だった。操作性が特に良く、また利用したい。 高評価を付けたい。,1,高評価,アプリ,train
834,しばらく利用した結果、リゾートホテルは全体的に使いやすく、眺めも申し分ない。,1,高評価,ホテル,train
835,良いところも少しあったが、地図アプリは機能の分かりやすさが悪かったので不満が残った。 総合的には不満が残る。,0,低評価,アプリ,validation
836,実際に使ってみると、動作の安定性が想像より残念だった。次回は椅子を選ばないと思う。 次は選ばないと思う。,0,低評価,EC商品,test
837,良いところも少しあったが、キーボードはデザインが不満だったので不満が残った。,0,低評価,EC商品,train
838,スピーカーは値段以上の価値を感じた。特に動作の安定性がかなり良い。 総合的には満足している。,1,高評価,EC商品,train
839,しばらく利用した結果、コメディ映画は期待以上だった。映像が特に良く、また利用したい。,1,高評価,映画,train
840,一週間ほど試した。アニメ映画を使ってみたところ、世界観が便利で満足度は高い。,1,高評価,映画,test
841,しばらく利用した結果、焼肉店を使ってみたところ、料理の味が不便で満足できなかった。,0,低評価,飲食店,train
842,不満が多く、写真アプリは操作性のせいで快適に利用できなかった。,0,低評価,アプリ,train
843,期待していたのに、アクション映画はラストが予想以下でがっかりした。,0,低評価,映画,train
844,しばらく利用した結果、検索機能に満足した。ニュースアプリを選んで正解だったと思う。,1,高評価,アプリ,train
845,予約アプリは悪くないどころか、検索機能がかなり良かった。,1,高評価,アプリ,train
846,モニターは悪くないと思っていたが、コストパフォーマンスがかなり残念だった。 次は選ばないと思う。,0,低評価,EC商品,train
847,演出が想像より良かった。次回もホラー映画を選びたい。,1,高評価,映画,train
848,最初は良さそうに感じたが、SF映画は使ってみると音楽が悪くてがっかりした。 総合的には不満が残る。,0,低評価,映画,train
849,アクション映画は全体的に使いやすく、ラストも申し分ない。 総合的には満足している。,1,高評価,映画,validation
850,リゾートホテルは悪くないと思っていたが、朝食がかなり残念だった。 低評価にしたい。,0,低評価,ホテル,train
851,今回初めて利用した。期待していなかったが、コメディ映画は音楽が予想以上で驚いた。,1,高評価,映画,train
852,学習アプリは全体的に使いやすく、検索機能も申し分ない。,1,高評価,アプリ,test
853,学習アプリは期待以上だった。動作速度が特に良く、また利用したい。,1,高評価,アプリ,test
854,SF映画は期待以上だった。テンポが特に良く、また利用したい。 また使いたいと思う。,1,高評価,映画,train
855,少し気になる点はあったが、ラーメン店は接客が良かったので納得している。,1,高評価,飲食店,train
856,学習アプリは全体的に使いにくく、レスポンスも残念だった。,0,低評価,アプリ,train
857,今回初めて利用した。地図アプリは期待以上だった。機能の分かりやすさが特に良く、また利用したい。 また使いたいと思う。,1,高評価,アプリ,train
858,冒険映画は期待以上だった。ストーリーが特に良く、また利用したい。,1,高評価,映画,train
859,音楽が想像より良かった。次回もドラマ映画を選びたい。,1,高評価,映画,train
860,検索機能が想像より不満だった。次回は音楽アプリを選ばないと思う。,0,低評価,アプリ,test
861,良いところも少しあったが、水筒は使いやすさが悪かったので不満が残った。 次は選ばないと思う。,0,低評価,EC商品,validation
862,何度か利用してみた。価格は少し高めだが、寿司店の食材の新鮮さを考えると十分満足できる。,1,高評価,飲食店,train
863,写真アプリを使ってみたところ、デザインが便利で満足度は高い。 総合的には満足している。,1,高評価,アプリ,train
864,レビューを見て選んだ。良いところも少しあったが、うどん店は店内の清潔さが悪かったので不満が残った。 総合的には不満が残る。,0,低評価,飲食店,train
865,レビューを見て選んだ。写真アプリは通知機能が不安定でストレスを感じた。不満がある。,0,低評価,アプリ,train
866,ホラー映画を使ってみたところ、世界観が不便で満足できなかった。 次は選ばないと思う。,0,低評価,映画,test
867,レビューを見て選んだ。椅子を使ってみたところ、動作の安定性が便利で満足度は高い。,1,高評価,EC商品,train
868,ボリュームが想像より良かった。次回も寿司店を選びたい。,1,高評価,飲食店,validation
869,評判ほど良くなかった。音楽アプリは画面の見やすさに問題があり、人には勧めにくい。 低評価にしたい。,0,低評価,アプリ,train
870,細かい欠点はあるものの、ドキュメンタリー映画は総合的に音楽が良く高評価にしたい。,1,高評価,映画,train
871,良い点もあるものの、ニュースアプリは総合的に安定性が悪く低評価にしたい。,0,低評価,アプリ,train
872,今回初めて利用した。食材の新鮮さが良くなかった。カレー店を選んだのは失敗だったと思う。,0,低評価,飲食店,train
873,期待していたのに、動画アプリは通知機能が予想以下でがっかりした。 総合的には不満が残る。,0,低評価,アプリ,train
874,良いところも少しあったが、メモアプリは通知機能が残念だったので不満が残った。 次は選ばないと思う。,0,低評価,アプリ,train
875,レビューを見て選んだ。温泉旅館は悪くないと思っていたが、浴場がかなり残念だった。,0,低評価,ホテル,train
876,評判どおりだった。音楽アプリは機能の分かりやすさが良く、人にも勧めたい。,1,高評価,アプリ,train
877,サイズ感に満足した。イヤホンを選んで正解だったと思う。 また使いたいと思う。,1,高評価,EC商品,train
878,評判どおりだった。マウスは音質が良く、人にも勧めたい。,1,高評価,EC商品,train
879,何度か利用してみた。チェックインのスムーズさが想像より悪かった。次回は宿泊施設を選ばないと思う。,0,低評価,ホテル,test
880,居酒屋は悪くないどころか、スタッフの対応がかなり良かった。,1,高評価,飲食店,train
881,イタリアンは期待外れだった。ボリュームに不満があり、もう利用したくない。,0,低評価,飲食店,train
882,友人の勧めで試してみた。眺めが想像より残念だった。次回はカプセルホテルを選ばないと思う。,0,低評価,ホテル,train
883,細かい欠点はあるものの、駅前ホテルは総合的にベッドの快適さが良く高評価にしたい。,1,高評価,ホテル,train
884,良いところも少しあったが、ホラー映画は世界観が悪かったので不満が残った。 総合的には不満が残る。,0,低評価,映画,validation
885,モニターは悪くないどころか、動作の安定性がかなり良かった。 高評価を付けたい。,1,高評価,EC商品,test
886,友人の勧めで試してみた。リゾートホテルは値段に見合わない。特にスタッフの対応がひどかった。 次は選ばないと思う。,0,低評価,ホテル,train
887,モニターは値段に見合わない。特にコストパフォーマンスがひどかった。 次は選ばないと思う。,0,低評価,EC商品,test
888,今回初めて利用した。駅前ホテルを使ってみたところ、部屋の清潔さが便利で満足度は高い。,1,高評価,ホテル,train
889,今回初めて利用した。大きな不満はなく、焼肉店はスタッフの対応のおかげで快適に利用できた。,1,高評価,飲食店,train
890,しばらく利用した結果、価格は安いが、学習アプリの動作速度を考えると満足できない。,0,低評価,アプリ,test
891,細かい欠点はあるものの、観光ホテルは総合的に部屋の清潔さが良く高評価にしたい。 また使いたいと思う。,1,高評価,ホテル,train
892,良い点もあるものの、リゾートホテルは総合的に朝食が悪く低評価にしたい。 次は選ばないと思う。,0,低評価,ホテル,train
893,実際に使ってみると、価格は少し高めだが、ビジネスホテルの静かさを考えると十分満足できる。 また使いたいと思う。,1,高評価,ホテル,train
894,ドラマ映画は悪くないどころか、音楽がかなり良かった。 高評価を付けたい。,1,高評価,映画,validation
895,友人の勧めで試してみた。評判ほど良くなかった。チャットアプリは機能の分かりやすさに問題があり、人には勧めにくい。,0,低評価,アプリ,validation
896,駅前ホテルは期待外れだった。館内設備に不満があり、もう利用したくない。,0,低評価,ホテル,train
897,一週間ほど試した。カレー店を使ってみたところ、食材の新鮮さが不便で満足できなかった。 低評価にしたい。,0,低評価,飲食店,train
898,レビューを見て選んだ。キャラクターが想像より悪かった。次回はホラー映画を選ばないと思う。,0,低評価,映画,train
899,期待していなかったが、ドラマ映画は演技が予想以上で驚いた。,1,高評価,映画,train
900,空港ホテルは朝食が安定していてストレスなく使えた。満足している。,1,高評価,ホテル,test
901,今回初めて利用した。サイズ感に満足した。バッグを選んで正解だったと思う。 また使いたいと思う。,1,高評価,EC商品,train
902,何度か利用してみた。期待していなかったが、SF映画はキャラクターが予想以上で驚いた。,1,高評価,映画,train
903,実際に使ってみると、写真アプリは値段以上の価値を感じた。特に操作性がかなり良い。,1,高評価,アプリ,train
904,レビューを見て選んだ。掃除機を使ってみたところ、コストパフォーマンスが不便で満足できなかった。,0,低評価,EC商品,train
905,不満が多く、観光ホテルはスタッフの対応のせいで快適に利用できなかった。 総合的には不満が残る。,0,低評価,ホテル,train
906,今回初めて利用した。掃除機を使ってみたところ、音質が不便で満足できなかった。 次は選ばないと思う。,0,低評価,EC商品,validation
907,一週間ほど試した。ラーメン店は期待以上だった。スタッフの対応が特に良く、また利用したい。 高評価を付けたい。,1,高評価,飲食店,validation
908,一週間ほど試した。アニメ映画はテンポが安定していてストレスなく使えた。満足している。,1,高評価,映画,test
909,実際に使ってみると、細かい欠点はあるものの、モニターは総合的にコストパフォーマンスが良く高評価にしたい。,1,高評価,EC商品,train
910,大きな不満はなく、寿司店は料理の味のおかげで快適に利用できた。 また使いたいと思う。,1,高評価,飲食店,train
911,友人の勧めで試してみた。動作の安定性に満足した。椅子を選んで正解だったと思う。,1,高評価,EC商品,train
912,通知機能が良くなかった。動画アプリを選んだのは失敗だったと思う。 低評価にしたい。,0,低評価,アプリ,train
913,友人の勧めで試してみた。最初は良さそうに感じたが、地図アプリは使ってみるとデザインが悪くて残念に感じた。,0,低評価,アプリ,train
914,一週間ほど試した。椅子は期待以上だった。操作感が特に良く、また利用したい。,1,高評価,EC商品,train
915,大きな不満はなく、宿泊施設は立地のおかげで快適に利用できた。 また使いたいと思う。,1,高評価,ホテル,train
916,評判ほど良くなかった。観光ホテルはチェックインのスムーズさに問題があり、人には勧めにくい。,0,低評価,ホテル,train
917,観光ホテルは悪くないと思っていたが、朝食がかなり残念だった。,0,低評価,ホテル,train
918,期待していなかったが、定食屋は雰囲気が予想以上で驚いた。,1,高評価,飲食店,test
919,一週間ほど試した。価格は少し高めだが、寿司店のスタッフの対応を考えると十分満足できる。,1,高評価,飲食店,train
920,良いところも少しあったが、駅前ホテルは眺めが悪かったので不満が残った。,0,低評価,ホテル,train
921,学習アプリを使ってみたところ、レスポンスが不便で満足できなかった。 低評価にしたい。,0,低評価,アプリ,train
922,実際に使ってみると、観光ホテルを使ってみたところ、眺めが不便で満足できなかった。,0,低評価,ホテル,train
923,何度か利用してみた。コストパフォーマンスが良くなかった。イヤホンを選んだのは失敗だったと思う。,0,低評価,EC商品,train
924,価格は少し高めだが、スピーカーのコストパフォーマンスを考えると十分満足できる。,1,高評価,EC商品,train
925,友人の勧めで試してみた。細かい欠点はあるものの、メモアプリは総合的に機能の分かりやすさが良く高評価にしたい。,1,高評価,アプリ,train
926,実際に使ってみると、予約アプリを使ってみたところ、動作速度が不便で満足できなかった。,0,低評価,アプリ,train
927,一週間ほど試した。浴場が想像より良かった。次回もリゾートホテルを選びたい。,1,高評価,ホテル,train
928,友人の勧めで試してみた。細かい欠点はあるものの、駅前ホテルは総合的に朝食が良く高評価にしたい。,1,高評価,ホテル,train
929,何度か利用してみた。評判ほど良くなかった。動画アプリはデザインに問題があり、人には勧めにくい。 総合的には不満が残る。,0,低評価,アプリ,train
930,掃除機はコストパフォーマンスが不安定でストレスを感じた。不満がある。,0,低評価,EC商品,train
931,一週間ほど試した。大きな不満はなく、ニュースアプリは動作速度のおかげで快適に利用できた。,1,高評価,アプリ,train
932,最初は不安だったが、メモアプリは実際に試すと動作速度が良くて気に入った。,1,高評価,アプリ,train
933,地図アプリを使ってみたところ、画面の見やすさが便利で満足度は高い。,1,高評価,アプリ,train
934,評判どおりだった。音楽アプリは通知機能が良く、人にも勧めたい。 総合的には気に入っている。,1,高評価,アプリ,train
935,期待していたのに、動画アプリはレスポンスが予想以下でがっかりした。,0,低評価,アプリ,train
936,カプセルホテルは全体的に使いにくく、館内設備も残念だった。,0,低評価,ホテル,validation
937,動画アプリは悪くないどころか、デザインがかなり良かった。,1,高評価,アプリ,train
938,一週間ほど試した。掃除機を使ってみたところ、品質が便利で満足度は高い。 総合的には納得している。,1,高評価,EC商品,train
939,モニターは値段以上の価値を感じた。特にサイズ感が素晴らしい。,1,高評価,EC商品,train
940,一週間ほど試した。コストパフォーマンスが良くなかった。マウスを選んだのは失敗だったと思う。,0,低評価,EC商品,train
941,ホラー映画は全体的に使いにくく、ラストも残念だった。,0,低評価,映画,train
942,レビューを見て選んだ。価格は少し高めだが、シティホテルの眺めを考えると十分満足できる。,1,高評価,ホテル,train
943,軽さに満足した。椅子を選んで正解だったと思う。 総合的には満足している。,1,高評価,EC商品,validation
944,レビューを見て選んだ。細かい欠点はあるものの、居酒屋は総合的に雰囲気が良く高評価にしたい。 高評価を付けたい。,1,高評価,飲食店,validation
945,SF映画は全体的に使いやすく、テンポも申し分ない。,1,高評価,映画,test
946,実際に使ってみると、スピーカーは悪くないどころか、品質がかなり良かった。,1,高評価,EC商品,train
947,恋愛映画は全体的に使いにくく、迫力も残念だった。,0,低評価,映画,train
948,実際に使ってみると、ニュースアプリは全体的に使いにくく、使い勝手も残念だった。 低評価にしたい。,0,低評価,アプリ,train
949,ドキュメンタリー映画は演出が安定していてストレスなく使えた。満足している。 総合的には満足している。,1,高評価,映画,validation
950,今回初めて利用した。期待していたのに、メモアプリは機能の分かりやすさが予想以下でがっかりした。,0,低評価,アプリ,validation
951,友人の勧めで試してみた。カフェは悪くないどころか、ボリュームがかなり良かった。,1,高評価,飲食店,train
952,実際に使ってみると、最初は不安だったが、マウスは実際に試すと動作の安定性が良くて気に入った。 また使いたいと思う。,1,高評価,EC商品,train
953,通知機能が良くなかった。学習アプリを選んだのは失敗だったと思う。 次は選ばないと思う。,0,低評価,アプリ,train
954,デザインに満足した。モニターを選んで正解だったと思う。,1,高評価,EC商品,train
955,椅子は期待外れだった。耐久性に不満があり、もう利用したくない。 低評価にしたい。,0,低評価,EC商品,train
956,レビューを見て選んだ。ビジネスホテルを使ってみたところ、スタッフの対応が便利で満足度は高い。 また使いたいと思う。,1,高評価,ホテル,test
957,期待していたのに、ラーメン店は雰囲気が予想以下で残念に感じた。,0,低評価,飲食店,train
958,細かい欠点はあるものの、動画アプリは総合的に動作速度が良く高評価にしたい。,1,高評価,アプリ,train
959,メニューの豊富さが想像より悪かった。次回は居酒屋を選ばないと思う。,0,低評価,飲食店,train
960,価格は少し高めだが、キーボードの使いやすさを考えると十分満足できる。,1,高評価,EC商品,validation
961,友人の勧めで試してみた。定食屋はスタッフの対応が安定していてストレスなく使えた。気に入っている。 また使いたいと思う。,1,高評価,飲食店,train
962,今回初めて利用した。カフェを使ってみたところ、スタッフの対応が不便で満足できなかった。,0,低評価,飲食店,train
963,しばらく利用した結果、観光ホテルは全体的に使いにくく、眺めも残念だった。,0,低評価,ホテル,train
964,一週間ほど試した。宿泊施設は館内設備が不安定でストレスを感じた。不満がある。 次は選ばないと思う。,0,低評価,ホテル,train
965,何度か利用してみた。冒険映画は悪くないどころか、ラストがかなり良かった。,1,高評価,映画,train
966,冒険映画は値段以上の価値を感じた。特にラストが素晴らしい。,1,高評価,映画,train
967,今回初めて利用した。チャットアプリは期待以上だった。検索機能が特に良く、また利用したい。,1,高評価,アプリ,train
968,少し気になる点はあったが、音楽アプリは操作性が良かったので満足している。,1,高評価,アプリ,train
969,何度か利用してみた。良い点もあるものの、ラーメン店は総合的に接客が悪く低評価にしたい。,0,低評価,飲食店,train
970,良い点もあるものの、リゾートホテルは総合的にベッドの快適さが悪く低評価にしたい。,0,低評価,ホテル,train
971,友人の勧めで試してみた。不満が多く、観光ホテルはベッドの快適さのせいで快適に利用できなかった。,0,低評価,ホテル,validation
972,レビューを見て選んだ。評判ほど良くなかった。寿司店はボリュームに問題があり、人には勧めにくい。,0,低評価,飲食店,train
973,カフェは期待以上だった。ボリュームが特に良く、また利用したい。,1,高評価,飲食店,train
974,期待していたのに、写真アプリはレスポンスが予想以下でがっかりした。,0,低評価,アプリ,test
975,良いところも少しあったが、モニターは操作感が悪かったので不満が残った。 低評価にしたい。,0,低評価,EC商品,train
976,しばらく利用した結果、最初は良さそうに感じたが、シティホテルは使ってみると眺めが悪くてがっかりした。,0,低評価,ホテル,train
977,しばらく利用した結果、空港ホテルは静かさが不安定でストレスを感じた。不満がある。 総合的には不満が残る。,0,低評価,ホテル,train
978,しばらく利用した結果、少し気になる点はあったが、コメディ映画はラストが良かったので満足している。,1,高評価,映画,train
979,不満が多く、ミステリー映画は映像のせいで快適に利用できなかった。,0,低評価,映画,train
980,不満が多く、民宿は部屋の清潔さのせいで快適に利用できなかった。 総合的には不満が残る。,0,低評価,ホテル,train
981,不満が多く、宿泊施設はチェックインのスムーズさのせいで快適に利用できなかった。,0,低評価,ホテル,train
982,評判ほど良くなかった。マウスはコストパフォーマンスに問題があり、人には勧めにくい。,0,低評価,EC商品,train
983,モニターは品質が安定していてストレスなく使えた。満足している。,1,高評価,EC商品,train
984,一週間ほど試した。良い点もあるものの、宿泊施設は総合的に浴場が悪く低評価にしたい。,0,低評価,ホテル,validation
985,友人の勧めで試してみた。評判ほど良くなかった。ホラー映画はテンポに問題があり、人には勧めにくい。,0,低評価,映画,train
986,寿司店は雰囲気が安定していてストレスなく使えた。満足している。,1,高評価,飲食店,train
987,カプセルホテルは悪くないと思っていたが、朝食がかなり残念だった。 総合的には不満が残る。,0,低評価,ホテル,train
988,不満が多く、焼肉店は店内の清潔さのせいで快適に利用できなかった。,0,低評価,飲食店,train
989,ドラマ映画を使ってみたところ、世界観が不便で満足できなかった。,0,低評価,映画,train
990,良いところも少しあったが、ミステリー映画はキャラクターが悪かったので不満が残った。 次は選ばないと思う。,0,低評価,映画,train
991,実際に使ってみると、モニターは期待以上だった。品質が特に良く、また利用したい。,1,高評価,EC商品,train
992,観光ホテルを使ってみたところ、立地が不便で満足できなかった。,0,低評価,ホテル,validation
993,何度か利用してみた。バッグは期待以上だった。品質が特に良く、また利用したい。,1,高評価,EC商品,train
994,宿泊施設はスタッフの対応が安定していてストレスなく使えた。満足している。,1,高評価,ホテル,train
995,価格は少し高めだが、予約アプリの安定性を考えると十分満足できる。,1,高評価,アプリ,train
996,空港ホテルは悪くないどころか、立地がかなり良かった。 また使いたいと思う。,1,高評価,ホテル,test
997,価格は少し高めだが、コメディ映画の映像を考えると十分満足できる。,1,高評価,映画,train
998,動画アプリを使ってみたところ、安定性が便利で満足度は高い。,1,高評価,アプリ,train
999,価格は少し高めだが、ドキュメンタリー映画の世界観を考えると十分満足できる。,1,高評価,映画,train
1000,一週間ほど試した。良いところも少しあったが、観光ホテルはスタッフの対応が悪かったので不満が残った。,0,低評価,ホテル,train
