id,text,label,label_id,split
1,先週、美術館の近くで食事できる店を探した。,旅行・観光,2,train
2,セキュリティの性能を比較してみたい。,IT・テクノロジー,0,train
3,家でアプリのセキュリティ対策を強化したい。,IT・テクノロジー,0,test
4,朝から神戸のおすすめルートを確認した。,旅行・観光,2,train
5,先週、鍋料理の店が混んでいたので別の店を探した。,食事・料理,1,validation
6,仕事で東京への旅行費用を計算している。,旅行・観光,2,test
7,休日に海辺のおすすめルートを確認した。,旅行・観光,2,test
8,朝から旅館までの交通手段を比較している。,旅行・観光,2,train
9,家で陸上をテレビで観戦する予定だ。,スポーツ,3,train
10,友人とアプリの性能を比較してみたい。,IT・テクノロジー,0,train
11,先週、北海道の混雑状況が気になっている。,旅行・観光,2,train
12,最近、鍋料理に合う調味料を試してみたい。,食事・料理,1,train
13,新幹線への旅行費用を計算している。,旅行・観光,2,train
14,最近、休日にコーヒーを手作りした。,食事・料理,1,test
15,朝からホテルで泊まる場所を探している。,旅行・観光,2,train
16,昼ごはんにおにぎりを食べた。,食事・料理,1,validation
17,家でラーメンの簡単なレシピを探している！,食事・料理,1,train
18,ネットで福岡までの交通手段を比較している。,旅行・観光,2,train
19,先週、ボクシングのルールをもう一度調べた。,スポーツ,3,train
20,京都の近くで食事できる店を探した。,旅行・観光,2,train
21,今日はラグビーのルールをもう一度調べた。,スポーツ,3,train
22,会社でGPUを導入する予定だ。,IT・テクノロジー,0,train
23,朝からバドミントンで使う道具を新しくした。,スポーツ,3,train
24,次の休みに沖縄へ行く予定だ。,旅行・観光,2,train
25,朝からパソコンを使って簡単なツールを作った。,IT・テクノロジー,0,train
26,友人とスキーの練習を始めた。,スポーツ,3,train
27,先週、市場が家計に与える影響を調べている。,金融・経済,4,train
28,仕事でセキュリティの性能を比較してみたい。,IT・テクノロジー,0,train
29,仕事で柔道で使う道具を新しくした。,スポーツ,3,train
30,友人とスマートフォンを学習するために教材を探している。,IT・テクノロジー,0,train
31,ネットで新幹線のおすすめルートを確認した。,旅行・観光,2,train
32,家で神戸周辺の観光スポットを調べている。,旅行・観光,2,train
33,資産運用の動きを毎日確認している。,金融・経済,4,train
34,仕事で餃子に合う調味料を試してみたい。,食事・料理,1,test
35,休日に柔道の大会結果を確認した。,スポーツ,3,train
36,ネットでゴルフのトレーニング方法を確認している。,スポーツ,3,train
37,友人とハンバーグの店が混んでいたので別の店を探した。,食事・料理,1,validation
38,休日にうどんをもう少しおいしく作りたい。,食事・料理,1,train
39,データベースを使って簡単なツールを作った。,IT・テクノロジー,0,train
40,休日に体操で使う道具を新しくした。,スポーツ,3,train
41,今日は観光地周辺の観光スポットを調べている。,旅行・観光,2,train
42,朝から寿司の店が混んでいたので別の店を探した！,食事・料理,1,train
43,朝からPythonでエラーが発生したので原因を確認した。,IT・テクノロジー,0,train
44,決算の変化をグラフで確認した。,金融・経済,4,train
45,今日は家計が企業活動にどう影響するか考えた。,金融・経済,4,validation
46,休日にサッカーの練習を始めた。,スポーツ,3,train
47,今日はフィギュアスケートのトレーニング方法を確認している。,スポーツ,3,train
48,次の休みに展望台へ行く予定だ。,旅行・観光,2,validation
49,朝からインフレについて基本から勉強している。,金融・経済,4,train
50,ネットで休日にそばを手作りした。,食事・料理,1,train
51,休日にバスケットボールの試合日程を確認した。,スポーツ,3,train
52,家族旅行でホテルを訪れたい。,旅行・観光,2,train
53,会社でスマートフォンを導入する予定だ。,IT・テクノロジー,0,train
54,朝からラグビーのトレーニング方法を調べている。,スポーツ,3,train
55,友人とフィギュアスケートの大会結果を確認した。,スポーツ,3,train
56,ネットで自転車競技の大会結果を確認した。,スポーツ,3,train
57,先週、株価の動きを毎日確認している。,金融・経済,4,validation
58,休日に柔道の試合日程を確認した！,スポーツ,3,train
59,先週、福岡で泊まる場所を探している。,旅行・観光,2,train
60,先週、駅前の店でおにぎりを注文した。,食事・料理,1,train
61,朝からセキュリティのセキュリティ対策を強化したい。,IT・テクノロジー,0,train
62,休日に空港の混雑状況が気になっている。,旅行・観光,2,train
63,家で家計が企業活動にどう影響するか考えた。,金融・経済,4,train
64,家族旅行で観光地を訪れたい。,旅行・観光,2,validation
65,先週、LLMのアップデート内容が気になっている。,IT・テクノロジー,0,train
66,ネットで冷蔵庫の材料でコーヒーを作れそうだ。,食事・料理,1,train
67,仕事でラーメンの店が混んでいたので別の店を探した。,食事・料理,1,train
68,友人とOSを使った業務効率化を検討している。,IT・テクノロジー,0,train
69,仕事でスノーボードのルールをもう一度調べた。,スポーツ,3,validation
70,ネットで金利の変化をグラフで確認した。,金融・経済,4,train
71,朝からバスケットボールの選手の動きが印象に残った。,スポーツ,3,test
72,休日に水泳をテレビで観戦する予定だ。,スポーツ,3,train
73,企業業績について専門家の解説を読んだ！,金融・経済,4,validation
74,ネットでケーキの簡単なレシピを探している。,食事・料理,1,train
75,仕事で旅館で泊まる場所を探している。,旅行・観光,2,train
76,友人とAPIを使って簡単なツールを作った。,IT・テクノロジー,0,train
77,先週、経済成長に関する制度を調べている。,金融・経済,4,test
78,休日にWebサービスの設定方法を確認している。,IT・テクノロジー,0,train
79,次の休みに山間部へ行く予定だ。,旅行・観光,2,train
80,休日に保険の変化をグラフで確認した。,金融・経済,4,train
81,休日に冷蔵庫の材料でおにぎりを作れそうだ。,食事・料理,1,validation
82,最近、バドミントンの練習を始めた。,スポーツ,3,test
83,ネットで税金について基本から勉強している。,金融・経済,4,train
84,ネットで京都の混雑状況が気になっている。,旅行・観光,2,train
85,最近、預金についてニュースで解説されていた。,金融・経済,4,train
86,福岡で写真を撮りたい。,旅行・観光,2,train
87,友人と海辺への旅行費用を計算している。,旅行・観光,2,validation
88,今日は剣道の選手の動きが印象に残った。,スポーツ,3,train
89,家族旅行で京都を訪れたい。,旅行・観光,2,test
90,ネットでLLMを使った業務効率化を検討している。,IT・テクノロジー,0,train
91,駅前の店でラーメンを注文した。,食事・料理,1,train
92,朝から資産運用について基本から勉強している。,金融・経済,4,validation
93,休日にアプリの性能を比較してみたい。,IT・テクノロジー,0,validation
94,バレーボールの大会結果を確認した。,スポーツ,3,train
95,今日はWi-Fiを学習するために教材を探している。,IT・テクノロジー,0,test
96,先週、冷蔵庫の材料でそばを作れそうだ。,食事・料理,1,train
97,先週、LLMを使った業務効率化を検討している。,IT・テクノロジー,0,train
98,今夜はコーヒーを作る予定だ。,食事・料理,1,train
99,今日は神戸で写真を撮りたい。,旅行・観光,2,train
100,最近、休日に唐揚げを手作りした。,食事・料理,1,train
101,友人とテニスの練習を始めた。,スポーツ,3,train
102,今日は税金の今後の見通しが気になっている。,金融・経済,4,train
103,物価の変化をグラフで確認した。,金融・経済,4,train
104,先週、野球のルールをもう一度調べた。,スポーツ,3,train
105,今日は新幹線の混雑状況が気になっている。,旅行・観光,2,train
106,最近、為替について基本から勉強している。,金融・経済,4,train
107,先週、配当のリスクを整理している。,金融・経済,4,validation
108,今日は経済成長の今後の見通しが気になっている。,金融・経済,4,test
109,展望台までの交通手段を比較している。,旅行・観光,2,train
110,先週、マラソンの練習を始めた。,スポーツ,3,train
111,朝から駅前の店でうどんを注文した。,食事・料理,1,train
112,最近、サッカーの選手の動きが印象に残った。,スポーツ,3,validation
113,仕事で京都で写真を撮りたい。,旅行・観光,2,train
114,先週、ハンバーグの店が混んでいたので別の店を探した。,食事・料理,1,train
115,先週、京都周辺の観光スポットを調べている。,旅行・観光,2,train
116,先週、柔道の試合日程を確認した。,スポーツ,3,validation
117,友人とパンに合う調味料を試してみたい。,食事・料理,1,validation
118,週末にラグビーの試合を見た。,スポーツ,3,validation
119,家で鍋料理をもう少しおいしく作りたい。,食事・料理,1,test
120,家で美術館で写真を撮りたい。,旅行・観光,2,train
121,仕事でテニスのチームを応援している。,スポーツ,3,train
122,友人と休日にそばを手作りした。,食事・料理,1,train
123,ネットで円相場の今後の見通しが気になっている。,金融・経済,4,train
124,先週、うどんの簡単なレシピを探している。,食事・料理,1,validation
125,仕事で税金のリスクを整理している。,金融・経済,4,train
126,最近、企業業績のリスクを整理している。,金融・経済,4,train
127,今日は野球の試合日程を確認した。,スポーツ,3,train
128,最近、税金の動きを毎日確認している。,金融・経済,4,train
129,仕事でGPUのセキュリティ対策を強化したい。,IT・テクノロジー,0,train
130,最近、沖縄までの交通手段を比較している。,旅行・観光,2,train
131,友人とコーヒーの簡単なレシピを探している。,食事・料理,1,test
132,朝から山間部周辺の観光スポットを調べている。,旅行・観光,2,train
133,友人と冷蔵庫の材料で味噌汁を作れそうだ。,食事・料理,1,train
134,仕事で寿司の店が混んでいたので別の店を探した。,食事・料理,1,train
135,ネットで剣道をテレビで観戦する予定だ。,スポーツ,3,train
136,ネットで投資信託についてニュースで解説されていた。,金融・経済,4,train
137,旅館の近くで食事できる店を探した。,旅行・観光,2,train
138,美術館の混雑状況が気になっている。,旅行・観光,2,test
139,仕事で株価について専門家の解説を読んだ。,金融・経済,4,validation
140,会社でバックアップを導入する予定だ。,IT・テクノロジー,0,train
141,朝から投資信託について専門家の解説を読んだ。,金融・経済,4,validation
142,朝からLLMでエラーが発生したので原因を確認した。,IT・テクノロジー,0,train
143,友人とゴルフのチームを応援している。,スポーツ,3,train
144,山間部のおすすめルートを確認した。,旅行・観光,2,train
145,友人と住宅ローンについてニュースで解説されていた。,金融・経済,4,test
146,仕事で旅館で写真を撮りたい。,旅行・観光,2,train
147,先週、OSの性能を比較してみたい。,IT・テクノロジー,0,train
148,先週、Pythonでエラーが発生したので原因を確認した。,IT・テクノロジー,0,train
149,休日に景気の今後の見通しが気になっている。,金融・経済,4,train
150,先週、プログラムでエラーが発生したので原因を確認した。,IT・テクノロジー,0,train
151,休日に金利が家計に与える影響を調べている。,金融・経済,4,train
152,休日にテニスで使う道具を新しくした。,スポーツ,3,train
153,仕事で冷蔵庫の材料でコーヒーを作れそうだ。,食事・料理,1,train
154,先週、投資信託が企業活動にどう影響するか考えた。,金融・経済,4,train
155,仕事でサラダの簡単なレシピを探している。,食事・料理,1,train
156,友人と冷蔵庫の材料でカレーを作れそうだ。,食事・料理,1,test
157,休日に自転車競技で使う道具を新しくした。,スポーツ,3,train
158,仕事で体操のルールをもう一度調べた。,スポーツ,3,train
159,先週、ネットワークを使った業務効率化を検討している！,IT・テクノロジー,0,train
160,友人とWebサービスのアップデート内容が気になっている。,IT・テクノロジー,0,validation
161,先週、サラダの簡単なレシピを探している。,食事・料理,1,train
162,次の休みにホテルへ行く予定だ。,旅行・観光,2,train
163,家でバスケットボールのチームを応援している。,スポーツ,3,test
164,休日にGPUのアップデート内容が気になっている。,IT・テクノロジー,0,train
165,最近、国債について基本から勉強している！,金融・経済,4,validation
166,友人と卓球で使う道具を新しくした！,スポーツ,3,train
167,家で観光地の近くで食事できる店を探した。,旅行・観光,2,train
168,ネットでシチューに合う調味料を試してみたい！,食事・料理,1,train
169,今日はクラウドのセキュリティ対策を強化したい。,IT・テクノロジー,0,train
170,今日は海辺の混雑状況が気になっている。,旅行・観光,2,train
171,家で景気が企業活動にどう影響するか考えた。,金融・経済,4,train
172,今日はバスケットボールをテレビで観戦する予定だ。,スポーツ,3,train
173,ネットで空港の混雑状況が気になっている。,旅行・観光,2,train
174,アプリでエラーが発生したので原因を確認した。,IT・テクノロジー,0,train
175,最近、スマートフォンでエラーが発生したので原因を確認した。,IT・テクノロジー,0,train
176,仕事で預金の今後の見通しが気になっている。,金融・経済,4,test
177,今日は北海道で写真を撮りたい。,旅行・観光,2,train
178,週末にテニスの試合を見た。,スポーツ,3,train
179,今日はスマートフォンの運用コストを見直している。,IT・テクノロジー,0,test
180,次の休みに奈良へ行く予定だ。,旅行・観光,2,train
181,次の休みに海辺へ行く予定だ。,旅行・観光,2,validation
182,最近、APIの設定方法を調べている。,IT・テクノロジー,0,train
183,仕事で生成AIを使って簡単なツールを作った。,IT・テクノロジー,0,train
184,仕事で機械学習を使った業務効率化を検討している。,IT・テクノロジー,0,train
185,仕事で柔道の選手の動きが印象に残った。,スポーツ,3,train
186,休日にセキュリティを使った業務効率化を検討している。,IT・テクノロジー,0,train
187,最近、Wi-Fiのアップデート内容が気になっている。,IT・テクノロジー,0,validation
188,休日に沖縄の混雑状況が気になっている。,旅行・観光,2,train
189,ネットで金沢で泊まる場所を探している。,旅行・観光,2,train
190,ネットで福岡で写真を撮りたい。,旅行・観光,2,test
191,先週、卓球で使う道具を新しくした。,スポーツ,3,train
192,ネットで広島への旅行費用を計算している。,旅行・観光,2,train
193,次の休みに観光地へ行く予定だ！,旅行・観光,2,train
194,先週、経済成長の変化をグラフで確認した。,金融・経済,4,train
195,保険の今後の見通しが気になっている。,金融・経済,4,validation
196,ゴルフの試合日程を確認した。,スポーツ,3,train
197,友人と休日に寿司を手作りした。,食事・料理,1,train
198,今日はインフレが企業活動にどう影響するか考えた。,金融・経済,4,train
199,今日は企業業績のリスクを整理している。,金融・経済,4,train
200,仕事でセキュリティのセキュリティ対策を強化したい。,IT・テクノロジー,0,train
201,休日に寿司を手作りした。,食事・料理,1,train
202,昼ごはんにオムライスを食べた。,食事・料理,1,train
203,家でバスケットボールの選手の動きが印象に残った。,スポーツ,3,train
204,最近、投資信託について基本から勉強している！,金融・経済,4,train
205,家で観光地で写真を撮りたい。,旅行・観光,2,train
206,家族と一緒にコーヒーを食べに行った。,食事・料理,1,train
207,最近、温泉街までの交通手段を比較している。,旅行・観光,2,train
208,Webサービスでエラーが発生したので原因を確認した。,IT・テクノロジー,0,test
209,朝から展望台のおすすめルートを確認した。,旅行・観光,2,train
210,休日にゴルフのルールをもう一度調べた。,スポーツ,3,train
211,家でネットワークでエラーが発生したので原因を確認した。,IT・テクノロジー,0,train
212,今日は水泳をテレビで観戦する予定だ。,スポーツ,3,validation
213,ネットでサッカーで使う道具を新しくした。,スポーツ,3,validation
214,休日に奈良への旅行費用を計算している。,旅行・観光,2,train
215,友人と駅前の店でラーメンを注文した。,食事・料理,1,train
216,休日に決算が家計に与える影響を調べている。,金融・経済,4,train
217,家族旅行で山間部を訪れたい。,旅行・観光,2,train
218,仕事でゴルフのトレーニング方法を調べている。,スポーツ,3,validation
219,週末にボクシングの試合を見た。,スポーツ,3,train
220,仕事でプログラムを使った業務効率化を検討している。,IT・テクノロジー,0,validation
221,今日は冷蔵庫の材料で鍋料理を作れそうだ。,食事・料理,1,train
222,家で市場が企業活動にどう影響するか考えた。,金融・経済,4,train
223,ネットで鍋料理に合う調味料を試してみたい。,食事・料理,1,test
224,空港の近くで食事できる店を探した。,旅行・観光,2,train
225,友人とパンの簡単なレシピを探している。,食事・料理,1,train
226,休日に野球をテレビで観戦する予定だ！,スポーツ,3,train
227,友人と国債の変化をグラフで確認した。,金融・経済,4,train
228,ネットで株価について専門家の解説を読んだ。,金融・経済,4,train
229,友人と餃子に合う調味料を試してみたい。,食事・料理,1,train
230,先週、プログラムを使って簡単なツールを作った。,IT・テクノロジー,0,train
231,休日に為替について専門家の解説を読んだ。,金融・経済,4,train
232,友人と預金について基本から勉強している。,金融・経済,4,train
233,最近、アプリの性能を比較してみたい！,IT・テクノロジー,0,train
234,先週、バレーボールをテレビで観戦する予定だ。,スポーツ,3,validation
235,家で金利の変化をグラフで確認した。,金融・経済,4,train
236,休日に決算の変化をグラフで確認した。,金融・経済,4,train
237,友人と休日にパンを手作りした。,食事・料理,1,train
238,ゴルフをテレビで観戦する予定だ。,スポーツ,3,train
239,仕事でAPIを使って簡単なツールを作った。,IT・テクノロジー,0,train
240,最近、ホテル周辺の観光スポットを調べている。,旅行・観光,2,train
241,家で為替が家計に与える影響を調べている。,金融・経済,4,train
242,家で家計の今後の見通しが気になっている。,金融・経済,4,train
243,仕事でラグビーで使う道具を新しくした！,スポーツ,3,validation
244,うどんをもう少しおいしく作りたい。,食事・料理,1,train
245,朝から資産運用が企業活動にどう影響するか考えた。,金融・経済,4,test
246,ネットで沖縄への旅行費用を計算している。,旅行・観光,2,train
247,最近、LLMの運用コストを見直している。,IT・テクノロジー,0,train
248,友人と物価に関する制度を調べている。,金融・経済,4,train
249,最近、家計に関する制度を調べている。,金融・経済,4,train
250,朝からOSを学習するために教材を探している。,IT・テクノロジー,0,train
251,最近、シチューをもう少しおいしく作りたい。,食事・料理,1,train
252,朝から金利についてニュースで解説されていた。,金融・経済,4,train
253,最近、野球のチームを応援している。,スポーツ,3,test
254,先週、機械学習の性能を比較してみたい。,IT・テクノロジー,0,train
255,友人とセキュリティの運用コストを見直している。,IT・テクノロジー,0,train
256,家でスマートフォンでエラーが発生したので原因を確認した！,IT・テクノロジー,0,train
257,最近、経済成長についてニュースで解説されていた。,金融・経済,4,train
258,朝からテニスの試合日程を確認した！,スポーツ,3,train
259,休日に機械学習を使って簡単なツールを作った。,IT・テクノロジー,0,train
260,友人とスノーボードの大会結果を確認した。,スポーツ,3,train
261,休日に冷蔵庫の材料でサラダを作れそうだ。,食事・料理,1,train
262,今日は預金の変化をグラフで確認した。,金融・経済,4,test
263,市場の今後の見通しが気になっている。,金融・経済,4,train
264,仕事でアプリでエラーが発生したので原因を確認した。,IT・テクノロジー,0,train
265,朝から投資信託についてニュースで解説されていた。,金融・経済,4,train
266,友人とOSの設定方法を調べている！,IT・テクノロジー,0,train
267,家で企業業績に関する制度を調べている。,金融・経済,4,train
268,Webサービスの設定方法を調べている。,IT・テクノロジー,0,train
269,先週、ゴルフのチームを応援している。,スポーツ,3,train
270,最近、為替について専門家の解説を読んだ。,金融・経済,4,test
271,今日はスキーのルールをもう一度調べた。,スポーツ,3,train
272,友人と景気に関する制度を調べている。,金融・経済,4,validation
273,旅館のおすすめルートを確認した。,旅行・観光,2,train
274,最近、配当の動きを毎日確認している。,金融・経済,4,train
275,朝から海辺までの交通手段を比較している。,旅行・観光,2,test
276,ラグビーのチームを応援している。,スポーツ,3,train
277,為替に関する制度を調べている。,金融・経済,4,train
278,先週、円相場の今後の見通しが気になっている。,金融・経済,4,train
279,決算が企業活動にどう影響するか考えた。,金融・経済,4,validation
280,先週、旅館までの交通手段を比較している。,旅行・観光,2,train
281,ネットで陸上のルールをもう一度調べた。,スポーツ,3,validation
282,最近、金沢のおすすめルートを確認した。,旅行・観光,2,train
283,朝から経済成長に関する制度を調べている。,金融・経済,4,train
284,朝からクラウドでエラーが発生したので原因を確認した。,IT・テクノロジー,0,train
285,友人と観光地で泊まる場所を探している。,旅行・観光,2,train
286,友人とコーヒーに合う調味料を試してみたい！,食事・料理,1,test
287,朝からインフレに関する制度を調べている！,金融・経済,4,validation
288,友人と税金について基本から勉強している。,金融・経済,4,train
289,剣道のチームを応援している。,スポーツ,3,train
290,友人と美術館で泊まる場所を探している。,旅行・観光,2,train
291,家でLLMを使った業務効率化を検討している。,IT・テクノロジー,0,train
292,仕事で自転車競技をテレビで観戦する予定だ！,スポーツ,3,train
293,ネットで福岡で泊まる場所を探している。,旅行・観光,2,train
294,仕事で企業業績について基本から勉強している。,金融・経済,4,train
295,最近、円相場の今後の見通しが気になっている。,金融・経済,4,train
296,マラソンの大会結果を確認した。,スポーツ,3,train
297,友人とデータベースでエラーが発生したので原因を確認した。,IT・テクノロジー,0,train
298,昼ごはんに炒飯を食べた。,食事・料理,1,train
299,最近、インフレのリスクを整理している。,金融・経済,4,train
300,卓球のルールをもう一度調べた。,スポーツ,3,train
301,休日に福岡周辺の観光スポットを調べている。,旅行・観光,2,train
302,家計についてニュースで解説されていた。,金融・経済,4,train
303,休日に神戸周辺の観光スポットを調べている。,旅行・観光,2,train
304,ネットで冷蔵庫の材料で焼き魚を作れそうだ。,食事・料理,1,train
305,休日にOSの性能を比較してみたい。,IT・テクノロジー,0,validation
306,朝から物価のリスクを整理している。,金融・経済,4,train
307,朝からパスタの簡単なレシピを探している。,食事・料理,1,train
308,今日は野球の大会結果を確認した。,スポーツ,3,test
309,家で温泉街周辺の観光スポットを調べている。,旅行・観光,2,train
310,昼ごはんにケーキを食べた。,食事・料理,1,train
311,陸上で使う道具を新しくした。,スポーツ,3,train
312,仕事でバスケットボールの大会結果を確認した。,スポーツ,3,train
313,週末にスキーの試合を見た。,スポーツ,3,train
314,友人とバスケットボールのチームを応援している。,スポーツ,3,train
315,ネットで寿司をもう少しおいしく作りたい。,食事・料理,1,test
316,今日は景気について基本から勉強している。,金融・経済,4,train
317,仕事で冷蔵庫の材料でシチューを作れそうだ。,食事・料理,1,train
318,最近、家計が企業活動にどう影響するか考えた。,金融・経済,4,train
319,先週、インフレの変化をグラフで確認した。,金融・経済,4,test
320,家で自転車競技で使う道具を新しくした！,スポーツ,3,test
321,ネットでネットワークでエラーが発生したので原因を確認した！,IT・テクノロジー,0,train
322,家で休日に餃子を手作りした。,食事・料理,1,test
323,仕事で新幹線で写真を撮りたい。,旅行・観光,2,train
324,朝から新幹線の近くで食事できる店を探した。,旅行・観光,2,train
325,仕事で温泉街への旅行費用を計算している。,旅行・観光,2,train
326,家でバレーボールの試合日程を確認した！,スポーツ,3,train
327,先週、インフレが企業活動にどう影響するか考えた！,金融・経済,4,train
328,朝から餃子の店が混んでいたので別の店を探した。,食事・料理,1,train
329,家で市場のリスクを整理している。,金融・経済,4,train
330,今日はプログラムを使って簡単なツールを作った。,IT・テクノロジー,0,train
331,最近、剣道をテレビで観戦する予定だ。,スポーツ,3,test
332,家族と一緒にコーヒーを食べに行った！,食事・料理,1,test
333,仕事でプログラムの運用コストを見直している。,IT・テクノロジー,0,train
334,休日に休日にシチューを手作りした。,食事・料理,1,train
335,休日にGPUのセキュリティ対策を強化したい。,IT・テクノロジー,0,train
336,ネットでクラウドのアップデート内容が気になっている。,IT・テクノロジー,0,train
337,ネットでホテルで写真を撮りたい。,旅行・観光,2,validation
338,休日にデータベースの設定方法を調べている。,IT・テクノロジー,0,train
339,先週、ラグビーのチームを応援している。,スポーツ,3,train
340,朝から冷蔵庫の材料でうどんを作れそうだ。,食事・料理,1,train
341,仕事で自転車競技の試合日程を確認した。,スポーツ,3,train
342,仕事で休日に味噌汁を手作りした。,食事・料理,1,train
343,今日はサーバーの性能を比較してみたい。,IT・テクノロジー,0,train
344,ネットでカレーの簡単なレシピを探している。,食事・料理,1,train
345,最近、バレーボールのチームを応援している。,スポーツ,3,train
346,今日は休日に鍋料理を手作りした。,食事・料理,1,train
347,仕事で水泳の試合日程を確認した。,スポーツ,3,train
348,会社でAPIを導入する予定だ。,IT・テクノロジー,0,train
349,水泳で使う道具を新しくした。,スポーツ,3,train
350,家族と一緒に炒飯を食べに行った。,食事・料理,1,train
351,仕事でPythonのアップデート内容が気になっている。,IT・テクノロジー,0,train
352,朝から景気についてニュースで解説されていた！,金融・経済,4,train
353,会社でプログラムを導入する予定だ。,IT・テクノロジー,0,validation
354,朝から広島のおすすめルートを確認した。,旅行・観光,2,train
355,朝から市場の動きを毎日確認している。,金融・経済,4,train
356,ネットでインフレが企業活動にどう影響するか考えた。,金融・経済,4,train
357,配当のリスクを整理している。,金融・経済,4,train
358,最近、GPUを使った業務効率化を検討している。,IT・テクノロジー,0,validation
359,今夜はラーメンを作る予定だ。,食事・料理,1,train
360,最近、冷蔵庫の材料で鍋料理を作れそうだ。,食事・料理,1,train
361,先週、インフレについて専門家の解説を読んだ。,金融・経済,4,train
362,家でセキュリティを学習するために教材を探している。,IT・テクノロジー,0,train
363,仕事で国債について基本から勉強している。,金融・経済,4,train
364,最近、福岡までの交通手段を比較している。,旅行・観光,2,train
365,ネットで体操のチームを応援している。,スポーツ,3,train
366,最近、マラソンの大会結果を確認した。,スポーツ,3,validation
367,家で空港の混雑状況が気になっている。,旅行・観光,2,validation
368,休日に金沢への旅行費用を計算している。,旅行・観光,2,train
369,先週、美術館周辺の観光スポットを調べている！,旅行・観光,2,test
370,ネットでサラダをもう少しおいしく作りたい。,食事・料理,1,train
371,ネットで陸上の練習を始めた。,スポーツ,3,train
372,今夜はケーキを作る予定だ。,食事・料理,1,validation
373,朝から海辺の近くで食事できる店を探した。,旅行・観光,2,train
374,仕事でフィギュアスケートの大会結果を確認した。,スポーツ,3,train
375,ネットでバスケットボールで使う道具を新しくした。,スポーツ,3,train
376,最近、LLMのセキュリティ対策を強化したい。,IT・テクノロジー,0,train
377,今日は駅前の店でそばを注文した。,食事・料理,1,train
378,自転車競技の大会結果を確認した。,スポーツ,3,validation
379,家で剣道のルールをもう一度調べた。,スポーツ,3,train
380,家で決算について専門家の解説を読んだ。,金融・経済,4,train
381,今夜はシチューを作る予定だ。,食事・料理,1,test
382,ネットで山間部の近くで食事できる店を探した。,旅行・観光,2,validation
383,今夜はうどんを作る予定だ。,食事・料理,1,test
384,先週、プログラムを学習するために教材を探している。,IT・テクノロジー,0,train
385,今日は国債の変化をグラフで確認した。,金融・経済,4,train
386,朝から物価についてニュースで解説されていた。,金融・経済,4,train
387,今日は保険についてニュースで解説されていた。,金融・経済,4,train
388,今日はテニスで使う道具を新しくした。,スポーツ,3,train
389,ネットでゴルフのチームを応援している。,スポーツ,3,train
390,家で企業業績の今後の見通しが気になっている。,金融・経済,4,train
391,朝からコーヒーの店が混んでいたので別の店を探した。,食事・料理,1,train
392,自転車競技の練習を始めた。,スポーツ,3,train
393,友人と休日に味噌汁を手作りした。,食事・料理,1,train
394,ネットで海辺で写真を撮りたい。,旅行・観光,2,test
395,先週、GPUの性能を比較してみたい。,IT・テクノロジー,0,train
396,家族と一緒に餃子を食べに行った。,食事・料理,1,train
397,今日はAPIのアップデート内容が注目している。,IT・テクノロジー,0,train
398,友人と柔道の試合日程を確認した。,スポーツ,3,train
399,朝から経済成長の今後の見通しが気になっている。,金融・経済,4,validation
400,友人と経済成長に関する制度を調べている。,金融・経済,4,train
401,休日にWi-Fiの性能を比較してみたい。,IT・テクノロジー,0,test
402,先週、剣道のトレーニング方法を調べている。,スポーツ,3,test
403,ネットでボクシングの大会結果を確認した。,スポーツ,3,train
404,フィギュアスケートの選手の動きが印象に残った。,スポーツ,3,train
405,友人と水泳の練習を始めた。,スポーツ,3,train
406,最近、スキーをテレビで観戦する予定だ。,スポーツ,3,train
407,今日は保険のリスクを整理している。,金融・経済,4,train
408,友人と東京で写真を撮りたい！,旅行・観光,2,train
409,今日は物価が企業活動にどう影響するか考えた。,金融・経済,4,train
410,広島のおすすめルートを確認した。,旅行・観光,2,validation
411,朝から市場の今後の見通しが気になっている。,金融・経済,4,train
412,休日に円相場について基本から勉強している。,金融・経済,4,train
413,最近、プログラムの性能を比較してみたい。,IT・テクノロジー,0,train
414,朝からセキュリティのセキュリティ対策を強化したい！,IT・テクノロジー,0,train
415,休日に経済成長について基本から勉強している。,金融・経済,4,train
416,次の休みに北海道へ行く予定だ。,旅行・観光,2,test
417,朝から新幹線までの交通手段を比較している。,旅行・観光,2,train
418,最近、東京で泊まる場所を探している。,旅行・観光,2,train
419,先週、大阪で泊まる場所を探している。,旅行・観光,2,validation
420,ネットでインフレの変化をグラフで確認した。,金融・経済,4,train
421,そばの店が混んでいたので別の店を探した。,食事・料理,1,train
422,最近、唐揚げに合う調味料を試してみたい。,食事・料理,1,validation
423,朝からセキュリティの設定方法を確認している。,IT・テクノロジー,0,train
424,家でうどんの店が混んでいたので別の店を探した。,食事・料理,1,validation
425,朝から鍋料理の簡単なレシピを探している。,食事・料理,1,train
426,仕事でハンバーグの簡単なレシピを探している！,食事・料理,1,train
427,サッカーの練習を始めた。,スポーツ,3,train
428,今夜は味噌汁を作る予定だ！,食事・料理,1,train
429,休日に駅前の店で餃子を注文した。,食事・料理,1,validation
430,最近、税金の変化をグラフで確認した。,金融・経済,4,validation
431,今日はスノーボードのトレーニング方法を調べている。,スポーツ,3,train
432,仕事で保険についてニュースで解説されていた。,金融・経済,4,train
433,友人とフィギュアスケートの試合日程を確認した。,スポーツ,3,test
434,仕事で唐揚げの店が混んでいたので別の店を探した！,食事・料理,1,train
435,仕事で水泳のトレーニング方法を調べている。,スポーツ,3,train
436,先週、インフレが企業活動にどう影響するか考えた。,金融・経済,4,train
437,体操のチームを応援している。,スポーツ,3,train
438,先週、パスタの簡単なレシピを探している。,食事・料理,1,train
439,今日は寿司の店が混んでいたので別の店を探した。,食事・料理,1,train
440,配当が家計に与える影響を調べている。,金融・経済,4,train
441,ネットでネットワークの運用コストを見直している。,IT・テクノロジー,0,train
442,会社でGitHubを導入する予定だ。,IT・テクノロジー,0,train
443,週末にサッカーの試合を見た。,スポーツ,3,train
444,週末に卓球の試合を見た。,スポーツ,3,train
445,最近、うどんをもう少しおいしく作りたい！,食事・料理,1,train
446,今日は税金の変化をグラフで確認した。,金融・経済,4,train
447,OSのアップデート内容が気になっている！,IT・テクノロジー,0,test
448,休日に味噌汁の店が混んでいたので別の店を探した。,食事・料理,1,train
449,最近、パンをもう少しおいしく作りたい。,食事・料理,1,train
450,家でGitHubを学習するために教材を探している。,IT・テクノロジー,0,train
451,ネットでうどんに合う調味料を試してみたい。,食事・料理,1,test
452,家でバスケットボールの大会結果を確認した。,スポーツ,3,train
453,友人とOSを学習するために教材を探している。,IT・テクノロジー,0,train
454,友人と体操のチームを応援している！,スポーツ,3,train
455,家族と一緒にそばを食べに行った。,食事・料理,1,train
456,週末にマラソンの試合を見た。,スポーツ,3,train
457,今日は為替の今後の見通しが気になっている。,金融・経済,4,train
458,最近、家計についてニュースで解説されていた。,金融・経済,4,train
459,昼ごはんにパスタを食べた。,食事・料理,1,train
460,家でアプリの設定方法を調べている。,IT・テクノロジー,0,train
461,友人と市場の動きを毎日確認している。,金融・経済,4,train
462,今日はバレーボールの選手の動きが印象に残った。,スポーツ,3,train
463,仕事で休日にうどんを手作りした。,食事・料理,1,train
464,休日にスマートフォンを使った業務効率化を検討している。,IT・テクノロジー,0,train
465,友人と企業業績の動きを毎日確認している。,金融・経済,4,train
466,家でバレーボールのルールをもう一度調べた。,スポーツ,3,train
467,家で旅館の近くで食事できる店を探した。,旅行・観光,2,train
468,今日はOSの運用コストを見直している。,IT・テクノロジー,0,test
469,朝から北海道周辺の観光スポットを調べている。,旅行・観光,2,test
470,ネットで生成AIでエラーが発生したので原因を確認した。,IT・テクノロジー,0,train
471,最近、大阪の混雑状況が気になっている。,旅行・観光,2,test
472,朝から駅前の店でケーキを注文した。,食事・料理,1,validation
473,朝からスキーで使う道具を新しくした。,スポーツ,3,train
474,仕事で山間部で泊まる場所を探している。,旅行・観光,2,train
475,先週、バスケットボールのトレーニング方法を調べている。,スポーツ,3,test
476,家でセキュリティでエラーが発生したので原因を確認した。,IT・テクノロジー,0,validation
477,ネットでOSを使った業務効率化を検討している。,IT・テクノロジー,0,train
478,友人と休日に焼き魚を手作りした！,食事・料理,1,test
479,家でWebサービスのセキュリティ対策を強化したい。,IT・テクノロジー,0,train
480,先週、観光地周辺の観光スポットを調べている。,旅行・観光,2,train
481,ネットでOSのアップデート内容が気になっている。,IT・テクノロジー,0,train
482,友人とマラソンのチームを応援している。,スポーツ,3,train
483,最近、広島の近くで食事できる店を探した。,旅行・観光,2,train
484,朝からサッカーの試合日程を確認した！,スポーツ,3,train
485,先週、水泳をテレビで観戦する予定だ。,スポーツ,3,train
486,最近、機械学習のセキュリティ対策を強化したい。,IT・テクノロジー,0,test
487,仕事で保険について基本から勉強している。,金融・経済,4,validation
488,仕事で福岡周辺の観光スポットを調べている。,旅行・観光,2,train
489,物価について専門家の解説を読んだ。,金融・経済,4,validation
490,朝からOSの設定方法を調べている。,IT・テクノロジー,0,test
491,最近、機械学習を学習するために教材を探している。,IT・テクノロジー,0,train
492,仕事で生成AIの性能を比較してみたい。,IT・テクノロジー,0,test
493,今夜はおにぎりを作る予定だ。,食事・料理,1,test
494,朝から奈良で写真を撮りたい。,旅行・観光,2,validation
495,仕事で国債の動きを毎日確認している。,金融・経済,4,train
496,家で駅前の店でサラダを注文した。,食事・料理,1,train
497,今日は保険に関する制度を調べている。,金融・経済,4,train
498,最近、バスケットボールで使う道具を新しくした。,スポーツ,3,train
499,友人と焼き魚の店が混んでいたので別の店を探した。,食事・料理,1,train
500,最近、サッカーのルールをもう一度調べた。,スポーツ,3,train
501,今日はボクシングのルールをもう一度調べた。,スポーツ,3,train
502,冷蔵庫の材料でおにぎりを作れそうだ。,食事・料理,1,train
503,ネットで北海道で泊まる場所を探している。,旅行・観光,2,train
504,友人とPythonのセキュリティ対策を強化したい。,IT・テクノロジー,0,test
505,朝から沖縄の混雑状況が気になっている。,旅行・観光,2,train
506,ネットでWebサービスのアップデート内容が気になっている。,IT・テクノロジー,0,train
507,昼ごはんにハンバーグを食べた。,食事・料理,1,train
508,最近、京都の混雑状況が気になっている。,旅行・観光,2,test
509,休日に資産運用の変化をグラフで確認した。,金融・経済,4,train
510,ネットでスマートフォンのセキュリティ対策を強化したい。,IT・テクノロジー,0,train
511,今日は焼き魚をもう少しおいしく作りたい。,食事・料理,1,train
512,ネットで資産運用に関する制度を確認している。,金融・経済,4,train
513,仕事でWi-Fiを学習するために教材を探している。,IT・テクノロジー,0,train
514,仕事でシチューに合う調味料を試してみたい。,食事・料理,1,train
515,ネットでスマートフォンを学習するために教材を探している！,IT・テクノロジー,0,train
516,最近、税金について専門家の解説を読んだ。,金融・経済,4,train
517,今夜は餃子を作る予定だ。,食事・料理,1,train
518,バックアップのセキュリティ対策を強化したい！,IT・テクノロジー,0,validation
519,仕事でセキュリティでエラーが発生したので原因を確認した。,IT・テクノロジー,0,train
520,家で大阪の近くで食事できる店を探した。,旅行・観光,2,train
521,仕事でネットワークの性能を比較してみたい。,IT・テクノロジー,0,train
522,ラグビーで使う道具を新しくした。,スポーツ,3,validation
523,昼ごはんにラーメンを食べた。,食事・料理,1,train
524,冷蔵庫の材料でうどんを作れそうだ。,食事・料理,1,train
525,ネットで剣道で使う道具を新しくした。,スポーツ,3,train
526,今日はバレーボールのルールをもう一度調べた。,スポーツ,3,train
527,今日はスノーボードの試合日程を確認した。,スポーツ,3,train
528,ネットで経済成長についてニュースで解説されていた。,金融・経済,4,test
529,最近、機械学習のアップデート内容が気になっている。,IT・テクノロジー,0,train
530,先週、パソコンのアップデート内容が気になっている。,IT・テクノロジー,0,train
531,先週、OSのアップデート内容が気になっている。,IT・テクノロジー,0,train
532,次の休みに東京へ行く予定だ。,旅行・観光,2,validation
533,先週、冷蔵庫の材料でハンバーグを作れそうだ。,食事・料理,1,train
534,家でコーヒーの店が混んでいたので別の店を探した。,食事・料理,1,validation
535,会社でパソコンを導入する予定だ。,IT・テクノロジー,0,train
536,先週、新幹線の混雑状況が注目している。,旅行・観光,2,train
537,GPUでエラーが発生したので原因を確認した。,IT・テクノロジー,0,train
538,今日は金利についてニュースで解説されていた。,金融・経済,4,train
539,朝から美術館の近くで食事できる店を探した。,旅行・観光,2,train
540,仕事でバックアップのアップデート内容が気になっている。,IT・テクノロジー,0,test
541,仕事で休日にコーヒーを手作りした。,食事・料理,1,train
542,先週、国債が企業活動にどう影響するか考えた。,金融・経済,4,test
543,家族と一緒にオムライスを食べに行った。,食事・料理,1,train
544,家で奈良までの交通手段を比較している。,旅行・観光,2,train
545,ネットでサッカーの練習を始めた。,スポーツ,3,train
546,休日に市場のリスクを整理している。,金融・経済,4,test
547,最近、陸上の練習を始めた！,スポーツ,3,train
548,先週、Wi-Fiの運用コストを見直している。,IT・テクノロジー,0,validation
549,Wi-Fiでエラーが発生したので原因を確認した。,IT・テクノロジー,0,train
550,友人とバドミントンのトレーニング方法を調べている。,スポーツ,3,train
551,週末に野球の試合を見た。,スポーツ,3,train
552,ネットでOSを学習するために教材を探している。,IT・テクノロジー,0,train
553,ネットで資産運用の今後の見通しが気になっている。,金融・経済,4,train
554,最近、スノーボードをテレビで観戦する予定だ。,スポーツ,3,train
555,休日にアプリの設定方法を調べている。,IT・テクノロジー,0,train
556,友人とOSの運用コストを見直している。,IT・テクノロジー,0,train
557,仕事で機械学習のセキュリティ対策を強化したい。,IT・テクノロジー,0,validation
558,休日にGitHubのセキュリティ対策を強化したい。,IT・テクノロジー,0,test
559,朝からそばをもう少しおいしく作りたい。,食事・料理,1,train
560,休日に大阪のおすすめルートを確認した。,旅行・観光,2,train
561,最近、GPUの運用コストを見直している。,IT・テクノロジー,0,train
562,ネットで東京で写真を撮りたい。,旅行・観光,2,test
563,冷蔵庫の材料でケーキを作れそうだ。,食事・料理,1,train
564,先週、山間部で写真を撮りたい。,旅行・観光,2,train
565,経済成長についてニュースで解説されていた。,金融・経済,4,train
566,LLMを使って簡単なツールを作った。,IT・テクノロジー,0,train
567,朝から美術館で泊まる場所を探している。,旅行・観光,2,train
568,ネットで大阪周辺の観光スポットを調べている。,旅行・観光,2,train
569,休日に家計の今後の見通しが気になっている。,金融・経済,4,train
570,ネットでサッカーのルールをもう一度調べた。,スポーツ,3,train
571,会社でLLMを導入する予定だ。,IT・テクノロジー,0,validation
572,朝から投資信託が企業活動にどう影響するか考えた。,金融・経済,4,train
573,最近、ゴルフをテレビで観戦する予定だ。,スポーツ,3,train
574,家でスマートフォンの運用コストを見直している。,IT・テクノロジー,0,train
575,友人とGPUでエラーが発生したので原因を確認した。,IT・テクノロジー,0,train
576,家で北海道の近くで食事できる店を探した！,旅行・観光,2,train
577,最近、預金について専門家の解説を読んだ。,金融・経済,4,train
578,体操のトレーニング方法を調べている。,スポーツ,3,train
579,家で駅前の店でカレーを注文した。,食事・料理,1,train
580,ネットで自転車競技のトレーニング方法を調べている。,スポーツ,3,train
581,仕事でフィギュアスケートの練習を始めた。,スポーツ,3,train
582,先週、クラウドを使った業務効率化を検討している。,IT・テクノロジー,0,test
583,友人とボクシングの練習を始めた。,スポーツ,3,train
584,休日にラグビーで使う道具を新しくした！,スポーツ,3,train
585,友人とセキュリティを使った業務効率化を検討している！,IT・テクノロジー,0,test
586,今日は奈良の近くで食事できる店を探した！,旅行・観光,2,train
587,先週、国債についてニュースで解説されていた。,金融・経済,4,train
588,今日は鍋料理に合う調味料を試してみたい。,食事・料理,1,train
589,今日はAPIを使って簡単なツールを作った。,IT・テクノロジー,0,train
590,最近、景気が企業活動にどう影響するか考えた！,金融・経済,4,train
591,空港で写真を撮りたい。,旅行・観光,2,train
592,柔道の練習を始めた。,スポーツ,3,train
593,休日に奈良で写真を撮りたい。,旅行・観光,2,validation
594,仕事でWebサービスを使った業務効率化を検討している。,IT・テクノロジー,0,train
595,今日はデータベースを学習するために教材を探している。,IT・テクノロジー,0,validation
596,先週、景気のリスクを整理している！,金融・経済,4,train
597,休日にPythonの性能を比較してみたい。,IT・テクノロジー,0,train
598,週末に水泳の試合を見た！,スポーツ,3,train
599,神戸の近くで食事できる店を探した。,旅行・観光,2,train
600,友人と金沢の混雑状況が気になっている。,旅行・観光,2,train
601,昼ごはんにコーヒーを食べた。,食事・料理,1,test
602,スマートフォンを学習するために教材を探している。,IT・テクノロジー,0,train
603,市場に関する制度を確認している。,金融・経済,4,train
604,今日はテニスの選手の動きが印象に残った。,スポーツ,3,train
605,休日にコーヒーの店が混んでいたので別の店を探した。,食事・料理,1,train
606,ネットでサーバーのセキュリティ対策を強化したい。,IT・テクノロジー,0,train
607,友人と国債についてニュースで解説されていた。,金融・経済,4,train
608,先週、資産運用に関する制度を調べている！,金融・経済,4,test
609,次の休みに美術館へ行く予定だ。,旅行・観光,2,train
610,最近、APIの性能を比較してみたい。,IT・テクノロジー,0,train
611,家で預金が家計に与える影響を調べている。,金融・経済,4,train
612,最近、バックアップでエラーが発生したので原因を確認した。,IT・テクノロジー,0,train
613,家でラーメンの簡単なレシピを探している。,食事・料理,1,train
614,最近、空港のおすすめルートを確認した。,旅行・観光,2,train
615,仕事で円相場についてニュースで解説されていた。,金融・経済,4,test
616,友人と預金のリスクを整理している。,金融・経済,4,train
617,今夜はパスタを作る予定だ。,食事・料理,1,train
618,ネットで温泉街への旅行費用を計算している。,旅行・観光,2,train
619,家でアプリのアップデート内容が気になっている。,IT・テクノロジー,0,train
620,今日はラグビーの試合日程を確認した。,スポーツ,3,train
621,休日におにぎりの店が混んでいたので別の店を探した。,食事・料理,1,train
622,最近、冷蔵庫の材料でおにぎりを作れそうだ。,食事・料理,1,train
623,決算が家計に与える影響を調べている。,金融・経済,4,train
624,ラーメンの店が混んでいたので別の店を探した。,食事・料理,1,train
625,先週、サーバーを使って簡単なツールを作った。,IT・テクノロジー,0,train
626,会社でOSを導入する予定だ。,IT・テクノロジー,0,train
627,家で海辺への旅行費用を計算している。,旅行・観光,2,train
628,友人と山間部の近くで食事できる店を探した。,旅行・観光,2,train
629,家で金沢への旅行費用を計算している。,旅行・観光,2,train
630,先週、展望台までの交通手段を比較している。,旅行・観光,2,train
631,仕事で福岡で泊まる場所を探している！,旅行・観光,2,train
632,仕事でバスケットボールをテレビで観戦する予定だ。,スポーツ,3,train
633,友人と投資信託のリスクを整理している。,金融・経済,4,train
634,今夜はハンバーグを作る予定だ。,食事・料理,1,train
635,朝からバドミントンをテレビで観戦する予定だ。,スポーツ,3,validation
636,先週、空港周辺の観光スポットを調べている！,旅行・観光,2,train
637,家で柔道のチームを応援している。,スポーツ,3,train
638,次の休みに神戸へ行く予定だ。,旅行・観光,2,test
639,APIを使って簡単なツールを作った。,IT・テクノロジー,0,train
640,仕事でLLMの性能を比較してみたい。,IT・テクノロジー,0,test
641,ネットで駅前の店で鍋料理を注文した。,食事・料理,1,train
642,家でサラダの簡単なレシピを探している！,食事・料理,1,train
643,家で金沢のおすすめルートを確認した。,旅行・観光,2,train
644,ネットでホテルの近くで食事できる店を探した！,旅行・観光,2,train
645,先週、決算について専門家の解説を読んだ。,金融・経済,4,train
646,週末に体操の試合を見た。,スポーツ,3,train
647,週末にバレーボールの試合を見た。,スポーツ,3,train
648,ネットで海辺への旅行費用を計算している。,旅行・観光,2,train
649,最近、円相場について基本から勉強している。,金融・経済,4,test
650,友人とGitHubの性能を比較してみたい。,IT・テクノロジー,0,train
651,今日はスノーボードのチームを応援している。,スポーツ,3,train
652,休日に家計が家計に与える影響を調べている。,金融・経済,4,train
653,寿司の店が混んでいたので別の店を探した。,食事・料理,1,train
654,朝から水泳のルールをもう一度調べた。,スポーツ,3,test
655,先週、株価が家計に与える影響を調べている。,金融・経済,4,train
656,冷蔵庫の材料で鍋料理を作れそうだ！,食事・料理,1,train
657,友人と駅前の店でパンを注文した。,食事・料理,1,train
658,バックアップのセキュリティ対策を強化したい。,IT・テクノロジー,0,train
659,休日に京都への旅行費用を計算している。,旅行・観光,2,train
660,友人と大阪周辺の観光スポットを調べている。,旅行・観光,2,train
661,友人と大阪への旅行費用を計算している。,旅行・観光,2,train
662,休日にAPIのアップデート内容が気になっている。,IT・テクノロジー,0,train
663,資産運用のリスクを整理している。,金融・経済,4,train
664,家で景気について専門家の解説を読んだ。,金融・経済,4,train
665,ネットでテニスの大会結果を確認した。,スポーツ,3,test
666,最近、展望台までの交通手段を比較している。,旅行・観光,2,test
667,友人と駅前の店で鍋料理を注文した！,食事・料理,1,train
668,今日はバレーボールのトレーニング方法を調べている。,スポーツ,3,validation
669,休日に生成AIのアップデート内容が気になっている。,IT・テクノロジー,0,train
670,友人と山間部で泊まる場所を探している。,旅行・観光,2,train
671,昼ごはんに寿司を食べた！,食事・料理,1,train
672,先週、データベースのセキュリティ対策を強化したい。,IT・テクノロジー,0,validation
673,家で山間部で泊まる場所を探している。,旅行・観光,2,train
674,先週、バドミントンの選手の動きが印象に残った。,スポーツ,3,train
675,家で広島で写真を撮りたい。,旅行・観光,2,train
676,週末にバスケットボールの試合を見た。,スポーツ,3,test
677,最近、そばに合う調味料を試してみたい。,食事・料理,1,train
678,先週、コーヒーの店が混んでいたので別の店を探した。,食事・料理,1,train
679,昼ごはんにサラダを食べた！,食事・料理,1,train
680,最近、資産運用についてニュースで解説されていた。,金融・経済,4,train
681,家で水泳をテレビで観戦する予定だ。,スポーツ,3,train
682,ネットでWebサービスのセキュリティ対策を強化したい。,IT・テクノロジー,0,train
683,市場についてニュースで解説されていた。,金融・経済,4,train
684,休日に生成AIの運用コストを見直している。,IT・テクノロジー,0,train
685,最近、バックアップのアップデート内容が気になっている。,IT・テクノロジー,0,train
686,最近、家計について基本から勉強している。,金融・経済,4,train
687,休日に体操のチームを応援している。,スポーツ,3,train
688,友人と柔道で使う道具を新しくした。,スポーツ,3,train
689,最近、Pythonのアップデート内容が気になっている。,IT・テクノロジー,0,train
690,家で福岡の近くで食事できる店を探した。,旅行・観光,2,train
691,最近、ネットワークの運用コストを見直している。,IT・テクノロジー,0,train
692,仕事で金利について専門家の解説を読んだ。,金融・経済,4,train
693,ネットでセキュリティの運用コストを見直している！,IT・テクノロジー,0,train
694,仕事でおにぎりの簡単なレシピを探している。,食事・料理,1,train
695,今日はマラソンの選手の動きが印象に残った。,スポーツ,3,train
696,先週、金利について基本から勉強している。,金融・経済,4,train
697,次の休みに温泉街へ行く予定だ。,旅行・観光,2,train
698,仕事でサラダに合う調味料を試してみたい。,食事・料理,1,train
699,ネットでOSの性能を比較してみたい。,IT・テクノロジー,0,train
700,新幹線の近くで食事できる店を探した。,旅行・観光,2,train
701,ネットで野球の試合日程を確認した。,スポーツ,3,train
702,今日は鍋料理の簡単なレシピを探している。,食事・料理,1,test
703,仕事で温泉街で泊まる場所を探している。,旅行・観光,2,validation
704,ネットでバックアップを学習するために教材を探している。,IT・テクノロジー,0,train
705,ネットで陸上のチームを応援している。,スポーツ,3,train
706,駅前の店でパスタを注文した。,食事・料理,1,train
707,家で駅前の店でパスタを注文した。,食事・料理,1,train
708,家で北海道のおすすめルートを確認した。,旅行・観光,2,train
709,今日は美術館の混雑状況が気になっている。,旅行・観光,2,train
710,仕事でラグビーのルールをもう一度調べた。,スポーツ,3,train
711,ネットでバスケットボールをテレビで観戦する予定だ。,スポーツ,3,train
712,仕事で経済成長の変化をグラフで確認した。,金融・経済,4,train
713,最近、バスケットボールの選手の動きが印象に残った。,スポーツ,3,train
714,最近、休日にオムライスを手作りした。,食事・料理,1,train
715,家でOSの性能を比較してみたい。,IT・テクノロジー,0,validation
716,今日は体操の大会結果を確認した。,スポーツ,3,train
717,家でPythonのセキュリティ対策を強化したい。,IT・テクノロジー,0,train
718,家で山間部の混雑状況が注目している。,旅行・観光,2,train
719,Pythonを使って簡単なツールを作った。,IT・テクノロジー,0,train
720,家でバドミントンの大会結果を確認した。,スポーツ,3,train
721,最近、カレーの簡単なレシピを探している。,食事・料理,1,test
722,家でバスケットボールをテレビで観戦する予定だ。,スポーツ,3,test
723,家で山間部周辺の観光スポットを調べている。,旅行・観光,2,train
724,水泳の大会結果を確認した。,スポーツ,3,train
725,最近、自転車競技の練習を始めた。,スポーツ,3,train
726,フィギュアスケートのトレーニング方法を調べている。,スポーツ,3,train
727,家で税金について専門家の解説を読んだ。,金融・経済,4,train
728,展望台で泊まる場所を探している。,旅行・観光,2,train
729,今日は焼き魚の店が混んでいたので別の店を探した。,食事・料理,1,train
730,友人と資産運用について基本から勉強している！,金融・経済,4,train
731,朝からうどんの店が混んでいたので別の店を探した。,食事・料理,1,train
732,今日は柔道の練習を始めた。,スポーツ,3,train
733,家で北海道の近くで食事できる店を探した。,旅行・観光,2,validation
734,友人と機械学習のセキュリティ対策を強化したい。,IT・テクノロジー,0,validation
735,休日に預金のリスクを整理している。,金融・経済,4,validation
736,休日に機械学習の性能を比較してみたい。,IT・テクノロジー,0,train
737,先週、空港のおすすめルートを確認した。,旅行・観光,2,train
738,Wi-Fiのセキュリティ対策を強化したい。,IT・テクノロジー,0,train
739,朝から配当のリスクを整理している。,金融・経済,4,train
740,ネットで決算が家計に与える影響を調べている。,金融・経済,4,train
741,仕事で神戸への旅行費用を計算している。,旅行・観光,2,validation
742,友人と広島までの交通手段を比較している。,旅行・観光,2,train
743,次の休みに京都へ行く予定だ。,旅行・観光,2,train
744,家でラグビーをテレビで観戦する予定だ。,スポーツ,3,test
745,友人とホテルまでの交通手段を比較している。,旅行・観光,2,train
746,家でマラソンをテレビで観戦する予定だ。,スポーツ,3,validation
747,休日に国債が家計に与える影響を調べている！,金融・経済,4,validation
748,最近、Wi-Fiの運用コストを見直している。,IT・テクノロジー,0,train
749,休日に餃子の店が混んでいたので別の店を探した。,食事・料理,1,train
750,GPUのセキュリティ対策を強化したい。,IT・テクノロジー,0,train
751,昼ごはんに炒飯を食べた！,食事・料理,1,validation
752,先週、金沢で写真を撮りたい。,旅行・観光,2,train
753,最近、スノーボードのトレーニング方法を調べている。,スポーツ,3,validation
754,先週、海辺で泊まる場所を探している。,旅行・観光,2,train
755,今日は広島で泊まる場所を探している。,旅行・観光,2,train
756,先週、インフレに関する制度を調べている。,金融・経済,4,train
757,休日に北海道で泊まる場所を探している。,旅行・観光,2,train
758,物価についてニュースで解説されていた。,金融・経済,4,train
759,休日に保険のリスクを整理している。,金融・経済,4,train
760,ネットで金利について専門家の解説を読んだ。,金融・経済,4,test
761,朝から陸上のチームを応援している。,スポーツ,3,train
762,先週、シチューの簡単なレシピを探している。,食事・料理,1,train
763,休日に景気が企業活動にどう影響するか考えた。,金融・経済,4,train
764,朝から温泉街のおすすめルートを確認した！,旅行・観光,2,train
765,休日に保険が企業活動にどう影響するか考えた。,金融・経済,4,train
766,朝から経済成長について基本から勉強している。,金融・経済,4,train
767,友人と自転車競技のチームを応援している。,スポーツ,3,train
768,友人と福岡周辺の観光スポットを調べている。,旅行・観光,2,train
769,休日にPythonを使って簡単なツールを作った。,IT・テクノロジー,0,train
770,最近、体操をテレビで観戦する予定だ。,スポーツ,3,validation
771,休日に沖縄までの交通手段を比較している。,旅行・観光,2,train
772,先週、温泉街の混雑状況が気になっている。,旅行・観光,2,train
773,先週、神戸のおすすめルートを確認した。,旅行・観光,2,train
774,ネットでシチューの簡単なレシピを探している。,食事・料理,1,train
775,休日に休日にそばを手作りした。,食事・料理,1,train
776,朝から休日に寿司を手作りした。,食事・料理,1,train
777,家でアプリを使って簡単なツールを作った。,IT・テクノロジー,0,test
778,昼ごはんに寿司を食べた。,食事・料理,1,train
779,次の休みに新幹線へ行く予定だ。,旅行・観光,2,validation
780,仕事でスキーのルールをもう一度調べた。,スポーツ,3,train
781,最近、サッカーの大会結果を確認した。,スポーツ,3,train
782,先週、バレーボールの試合日程を確認した。,スポーツ,3,train
783,ネットでセキュリティでエラーが発生したので原因を確認した。,IT・テクノロジー,0,train
784,マラソンの練習を始めた。,スポーツ,3,train
785,最近、サッカーをテレビで観戦する予定だ。,スポーツ,3,test
786,Pythonを使った業務効率化を検討している。,IT・テクノロジー,0,train
787,今夜は寿司を作る予定だ。,食事・料理,1,train
788,朝から卓球のトレーニング方法を調べている。,スポーツ,3,test
789,休日に水泳の選手の動きが印象に残った！,スポーツ,3,train
790,家でマラソンのチームを応援している。,スポーツ,3,train
791,今夜はパンを作る予定だ。,食事・料理,1,train
792,家族と一緒に焼き魚を食べに行った。,食事・料理,1,train
793,家族と一緒にパスタを食べに行った。,食事・料理,1,train
794,今日はスキーの選手の動きが印象に残った。,スポーツ,3,train
795,今日は休日にパンを手作りした。,食事・料理,1,train
796,家で休日に鍋料理を手作りした。,食事・料理,1,train
797,朝から寿司をもう少しおいしく作りたい。,食事・料理,1,train
798,先週、インフレについてニュースで解説されていた。,金融・経済,4,train
799,先週、データベースの性能を比較してみたい。,IT・テクノロジー,0,train
800,ネットで決算の変化をグラフで確認した。,金融・経済,4,train
801,朝からスマートフォンを学習するために教材を探している。,IT・テクノロジー,0,train
802,先週、保険についてニュースで解説されていた。,金融・経済,4,train
803,最近、APIのアップデート内容が注目している。,IT・テクノロジー,0,train
804,友人とそばをもう少しおいしく作りたい。,食事・料理,1,train
805,家で炒飯に合う調味料を試してみたい。,食事・料理,1,train
806,家計が家計に与える影響を調べている。,金融・経済,4,train
807,家でネットワークの性能を比較してみたい！,IT・テクノロジー,0,train
808,休日に卓球のルールをもう一度調べた。,スポーツ,3,train
809,友人と京都で写真を撮りたい。,旅行・観光,2,train
810,最近、京都で写真を撮りたい。,旅行・観光,2,train
811,家で広島への旅行費用を計算している。,旅行・観光,2,train
812,最近、景気の動きを毎日確認している。,金融・経済,4,train
813,家でOSのアップデート内容が気になっている。,IT・テクノロジー,0,train
814,今日はそばをもう少しおいしく作りたい。,食事・料理,1,train
815,友人とAPIを学習するために教材を探している！,IT・テクノロジー,0,train
816,朝から企業業績の変化をグラフで確認した！,金融・経済,4,train
817,今日は冷蔵庫の材料でパンを作れそうだ。,食事・料理,1,validation
818,今日はサラダに合う調味料を試してみたい。,食事・料理,1,train
819,家族旅行で旅館を訪れたい！,旅行・観光,2,train
820,最近、企業業績について専門家の解説を読んだ。,金融・経済,4,test
821,先週、機械学習のセキュリティ対策を強化したい。,IT・テクノロジー,0,train
822,今夜は唐揚げを作る予定だ。,食事・料理,1,train
823,先週、駅前の店で寿司を注文した。,食事・料理,1,train
824,家で休日に焼き魚を手作りした。,食事・料理,1,train
825,仕事で広島周辺の観光スポットを調べている。,旅行・観光,2,train
826,家で物価の動きを毎日確認している。,金融・経済,4,test
827,朝から駅前の店でパンを注文した。,食事・料理,1,train
828,朝から旅館で写真を撮りたい。,旅行・観光,2,validation
829,最近、北海道周辺の観光スポットを調べている。,旅行・観光,2,train
830,家族旅行で空港を訪れたい。,旅行・観光,2,train
831,家族旅行で金沢を訪れたい。,旅行・観光,2,train
832,ネットで金沢までの交通手段を比較している。,旅行・観光,2,train
833,友人と駅前の店でおにぎりを注文した。,食事・料理,1,train
834,仕事でバスケットボールの試合日程を確認した。,スポーツ,3,test
835,家族旅行で東京を訪れたい。,旅行・観光,2,train
836,朝から観光地までの交通手段を比較している。,旅行・観光,2,train
837,先週、セキュリティのセキュリティ対策を強化したい！,IT・テクノロジー,0,train
838,家で保険が家計に与える影響を調べている。,金融・経済,4,train
839,最近、駅前の店でラーメンを注文した。,食事・料理,1,train
840,今夜はサラダを作る予定だ。,食事・料理,1,train
841,友人と決算についてニュースで解説されていた。,金融・経済,4,train
842,今日は沖縄の近くで食事できる店を探した！,旅行・観光,2,test
843,最近、パンの簡単なレシピを探している。,食事・料理,1,validation
844,友人とインフレについて専門家の解説を読んだ。,金融・経済,4,train
845,仕事で物価について専門家の解説を読んだ。,金融・経済,4,train
846,休日にPythonを使った業務効率化を検討している。,IT・テクノロジー,0,train
847,家でGPUの設定方法を調べている。,IT・テクノロジー,0,validation
848,福岡のおすすめルートを確認した。,旅行・観光,2,train
849,休日にコーヒーの簡単なレシピを探している。,食事・料理,1,train
850,休日に配当に関する制度を調べている。,金融・経済,4,train
851,今日は機械学習を使って簡単なツールを作った。,IT・テクノロジー,0,train
852,休日に新幹線までの交通手段を比較している。,旅行・観光,2,train
853,休日に味噌汁に合う調味料を試してみたい。,食事・料理,1,train
854,先週、京都の混雑状況が気になっている。,旅行・観光,2,train
855,家族と一緒にシチューを食べに行った。,食事・料理,1,train
856,仕事で休日にカレーを手作りした。,食事・料理,1,train
857,最近、京都への旅行費用を計算している。,旅行・観光,2,train
858,ネットで冷蔵庫の材料で鍋料理を作れそうだ！,食事・料理,1,train
859,大阪で写真を撮りたい。,旅行・観光,2,train
860,休日にそばの簡単なレシピを探している。,食事・料理,1,train
861,今日は円相場の変化をグラフで確認した。,金融・経済,4,train
862,休日に鍋料理に合う調味料を試してみたい。,食事・料理,1,validation
863,ネットでプログラムのセキュリティ対策を強化したい。,IT・テクノロジー,0,train
864,友人と野球の試合日程を確認した。,スポーツ,3,train
865,休日に新幹線で写真を撮りたい。,旅行・観光,2,test
866,先週、景気のリスクを整理している。,金融・経済,4,train
867,先週、バドミントンのトレーニング方法を調べている。,スポーツ,3,train
868,次の休みに大阪へ行く予定だ。,旅行・観光,2,train
869,美術館で泊まる場所を探している。,旅行・観光,2,train
870,最近、駅前の店でオムライスを注文した。,食事・料理,1,train
871,最近、山間部までの交通手段を比較している。,旅行・観光,2,train
872,次の休みに空港へ行く予定だ。,旅行・観光,2,train
873,仕事で剣道の練習を始めた。,スポーツ,3,train
874,友人と新幹線の混雑状況が気になっている。,旅行・観光,2,train
875,ネットで保険の変化をグラフで確認した。,金融・経済,4,train
876,仕事で金沢で泊まる場所を探している。,旅行・観光,2,train
877,今夜はそばを作る予定だ。,食事・料理,1,test
878,休日にスノーボードで使う道具を新しくした。,スポーツ,3,train
879,家族と一緒にサラダを食べに行った。,食事・料理,1,train
880,最近、機械学習の性能を比較してみたい。,IT・テクノロジー,0,train
881,仕事で新幹線で泊まる場所を探している。,旅行・観光,2,test
882,ネットで広島で泊まる場所を探している。,旅行・観光,2,test
883,先週、海辺への旅行費用を計算している。,旅行・観光,2,train
884,投資信託について専門家の解説を読んだ。,金融・経済,4,train
885,家族旅行で旅館を訪れたい。,旅行・観光,2,train
886,友人とインフレが家計に与える影響を調べている。,金融・経済,4,test
887,最近、バドミントンの大会結果を確認した。,スポーツ,3,validation
888,休日に卓球のトレーニング方法を調べている。,スポーツ,3,test
889,ネットで鍋料理の簡単なレシピを探している。,食事・料理,1,train
890,友人と経済成長についてニュースで解説されていた。,金融・経済,4,validation
891,最近、データベースでエラーが発生したので原因を確認した。,IT・テクノロジー,0,train
892,友人と円相場のリスクを整理している。,金融・経済,4,train
893,家でバドミントンのルールをもう一度調べた。,スポーツ,3,train
894,友人とサッカーで使う道具を新しくした。,スポーツ,3,train
895,先週、景気に関する制度を調べている。,金融・経済,4,train
896,先週、広島の混雑状況が気になっている。,旅行・観光,2,validation
897,家で税金が企業活動にどう影響するか考えた。,金融・経済,4,train
898,ネットでGPUの設定方法を確認している。,IT・テクノロジー,0,train
899,友人とスキーで使う道具を新しくした。,スポーツ,3,test
900,友人と休日におにぎりを手作りした。,食事・料理,1,validation
901,朝から旅館の混雑状況が気になっている！,旅行・観光,2,train
902,ネットで温泉街のおすすめルートを確認した。,旅行・観光,2,train
903,先週、山間部への旅行費用を計算している。,旅行・観光,2,validation
904,友人と景気の変化をグラフで確認した。,金融・経済,4,train
905,最近、プログラムを使って簡単なツールを作った。,IT・テクノロジー,0,train
906,先週、投資信託の今後の見通しが気になっている。,金融・経済,4,train
907,家族と一緒にカレーを食べに行った。,食事・料理,1,train
908,家で為替についてニュースで解説されていた。,金融・経済,4,train
909,仕事でボクシングのルールをもう一度調べた。,スポーツ,3,train
910,休日にデータベースを使った業務効率化を検討している。,IT・テクノロジー,0,train
911,今日はハンバーグに合う調味料を試してみたい。,食事・料理,1,train
912,最近、ハンバーグをもう少しおいしく作りたい。,食事・料理,1,train
913,朝からGitHubを使って簡単なツールを作った！,IT・テクノロジー,0,train
914,最近、税金のリスクを整理している。,金融・経済,4,train
915,家族と一緒にケーキを食べに行った。,食事・料理,1,train
916,最近、大阪への旅行費用を計算している。,旅行・観光,2,train
917,保険が企業活動にどう影響するか考えた。,金融・経済,4,train
918,仕事でネットワークを学習するために教材を探している。,IT・テクノロジー,0,train
919,ネットでゴルフの練習を始めた。,スポーツ,3,train
920,仕事で剣道のチームを応援している。,スポーツ,3,train
921,今日はゴルフの選手の動きが印象に残った。,スポーツ,3,train
922,友人とサーバーを学習するために教材を探している。,IT・テクノロジー,0,train
923,家で休日にサラダを手作りした。,食事・料理,1,train
924,サッカーの試合日程を確認した。,スポーツ,3,train
925,家で東京までの交通手段を比較している。,旅行・観光,2,test
926,朝から剣道をテレビで観戦する予定だ。,スポーツ,3,train
927,今日はシチューの店が混んでいたので別の店を探した。,食事・料理,1,train
928,朝から冷蔵庫の材料で唐揚げを作れそうだ。,食事・料理,1,train
929,最近、卓球の試合日程を確認した。,スポーツ,3,train
930,家族と一緒にパンを食べに行った。,食事・料理,1,train
931,最近、旅館までの交通手段を比較している。,旅行・観光,2,train
932,最近、Webサービスを学習するために教材を探している。,IT・テクノロジー,0,train
933,休日にスマートフォンの設定方法を調べている。,IT・テクノロジー,0,train
934,先週、経済成長についてニュースで解説されていた。,金融・経済,4,test
935,今日はOSを使った業務効率化を検討している！,IT・テクノロジー,0,test
936,最近、配当の今後の見通しが気になっている。,金融・経済,4,train
937,Wi-Fiを使って簡単なツールを作った。,IT・テクノロジー,0,train
938,データベースを使った業務効率化を検討している。,IT・テクノロジー,0,train
939,仕事でスマートフォンの性能を比較してみたい。,IT・テクノロジー,0,validation
940,週末に陸上の試合を見た。,スポーツ,3,train
941,朝から市場について基本から勉強している。,金融・経済,4,train
942,ネットでホテルまでの交通手段を比較している。,旅行・観光,2,train
943,仕事で市場が家計に与える影響を調べている。,金融・経済,4,train
944,家でバスケットボールのトレーニング方法を調べている。,スポーツ,3,train
945,今日は保険が家計に与える影響を調べている。,金融・経済,4,test
946,最近、福岡で写真を撮りたい！,旅行・観光,2,train
947,休日にネットワークの設定方法を調べている。,IT・テクノロジー,0,train
948,最近、ラグビーのトレーニング方法を調べている。,スポーツ,3,train
949,仕事でそばの店が混んでいたので別の店を探した。,食事・料理,1,train
950,家で経済成長のリスクを整理している。,金融・経済,4,train
951,朝から冷蔵庫の材料で唐揚げを作れそうだ！,食事・料理,1,test
952,ネットで冷蔵庫の材料でおにぎりを作れそうだ。,食事・料理,1,train
953,ネットで京都で写真を撮りたい。,旅行・観光,2,train
954,今日はラーメンに合う調味料を試してみたい。,食事・料理,1,validation
955,今日は餃子の簡単なレシピを探している。,食事・料理,1,train
956,今日は休日にコーヒーを手作りした。,食事・料理,1,validation
957,朝からWebサービスを学習するために教材を探している！,IT・テクノロジー,0,train
958,最近、保険の動きを毎日確認している。,金融・経済,4,train
959,友人とインフレの動きを毎日確認している。,金融・経済,4,train
960,週末にフィギュアスケートの試合を見た。,スポーツ,3,train
961,最近、駅前の店でコーヒーを注文した。,食事・料理,1,train
962,休日にネットワークの運用コストを見直している。,IT・テクノロジー,0,validation
963,ネットでフィギュアスケートの練習を始めた。,スポーツ,3,train
964,家で物価のリスクを整理している。,金融・経済,4,train
965,今日はネットワークの運用コストを見直している。,IT・テクノロジー,0,test
966,LLMを使った業務効率化を検討している。,IT・テクノロジー,0,train
967,先週、株価の変化をグラフで確認した。,金融・経済,4,train
968,今日は株価についてニュースで解説されていた。,金融・経済,4,train
969,最近、企業業績が家計に与える影響を調べている。,金融・経済,4,train
970,先週、Wi-Fiの設定方法を調べている。,IT・テクノロジー,0,train
971,先週、Wi-Fiでエラーが発生したので原因を確認した。,IT・テクノロジー,0,train
972,ネットで唐揚げの簡単なレシピを探している。,食事・料理,1,train
973,機械学習の性能を比較してみたい。,IT・テクノロジー,0,train
974,朝からシチューをもう少しおいしく作りたい。,食事・料理,1,train
975,家で温泉街への旅行費用を計算している。,旅行・観光,2,train
976,休日に為替についてニュースで解説されていた。,金融・経済,4,train
977,今日は休日に餃子を手作りした。,食事・料理,1,train
978,友人と国債が企業活動にどう影響するか考えた。,金融・経済,4,train
979,朝から体操の大会結果を確認した。,スポーツ,3,validation
980,今日はおにぎりをもう少しおいしく作りたい。,食事・料理,1,train
981,預金のリスクを整理している。,金融・経済,4,train
982,昼ごはんにサラダを食べた。,食事・料理,1,train
983,家でネットワークの運用コストを見直している。,IT・テクノロジー,0,train
984,家でコーヒーに合う調味料を試してみたい。,食事・料理,1,train
985,最近、駅前の店で唐揚げを注文した。,食事・料理,1,validation
986,今日はケーキに合う調味料を試してみたい！,食事・料理,1,train
987,仕事で景気について専門家の解説を読んだ。,金融・経済,4,train
988,ネットでスマートフォンでエラーが発生したので原因を確認した。,IT・テクノロジー,0,train
989,家で唐揚げをもう少しおいしく作りたい。,食事・料理,1,train
990,今日はラグビーのチームを応援している。,スポーツ,3,train
991,決算が家計に与える影響を確認している。,金融・経済,4,validation
992,休日に展望台の近くで食事できる店を探した。,旅行・観光,2,train
993,フィギュアスケートの練習を始めた。,スポーツ,3,train
994,休日にスマートフォンでエラーが発生したので原因を確認した。,IT・テクノロジー,0,test
995,今日は大阪で泊まる場所を探している。,旅行・観光,2,validation
996,友人と冷蔵庫の材料で唐揚げを作れそうだ。,食事・料理,1,train
997,今日はプログラムの設定方法を調べている。,IT・テクノロジー,0,train
998,最近、Wi-Fiを学習するために教材を探している。,IT・テクノロジー,0,train
999,友人と空港までの交通手段を比較している。,旅行・観光,2,train
1000,今日はOSの性能を比較してみたい。,IT・テクノロジー,0,validation
